ID	non_ipa	ipa	chart	height/manner	place/color	misc1	misc2
1	ndz	ⁿdz	consonant	affricate	alveolar	voiced	prenasalized
2	nts	ⁿts	consonant	affricate	alveolar	voiceless	prenasalized
3	nts'	ⁿtsʼ	consonant	affricate	alveolar	voiceless	glottalized_prenasalized
4	nts’	ⁿtsʼ	consonant	affricate	alveolar	voiceless	glottalized_prenasalized
5	dz	dz	consonant	affricate	alveolar	voiced	plain
6	dzH	dzʰ	consonant	affricate	alveolar	voiced	aspirated
7	dzw	dzʷ	consonant	affricate	alveolar	voiced	labialized
8	dz'	dzʼ	consonant	affricate	alveolar	voiced	glottalized
9	dz’	dzʼ	consonant	affricate	alveolar	voiced	glottalized
10	dzj	dzʲ	consonant	affricate	alveolar	voiced	palatalized
11	mdz	dz	consonant	affricate	alveolar	voiced	labial_prenasalized
12	mts	ts	consonant	affricate	alveolar	voiceless	labial_prenasalized
13	ts	ts	consonant	affricate	alveolar	voiceless	plain
14	tsH	tsʰ	consonant	affricate	alveolar	voiceless	aspirated
15	tshw	tsʰʷ	consonant	affricate	alveolar	voiceless	aspirated_labialized
16	tsw	tsʷ	consonant	affricate	alveolar	voiceless	labialized
17	ts'	tsʼ	consonant	affricate	alveolar	voiceless	glottalized
18	ts’	tsʼ	consonant	affricate	alveolar	voiceless	glottalized
19	ts’w	tsʼʷ	consonant	affricate	alveolar	voiceless	glottalized_labialized
20	ts'w	tsʼʷ	consonant	affricate	alveolar	voiceless	glottalized_labialized
21	tsj	tsʲ	consonant	affricate	alveolar	voiceless	palatalized
22	ts$	ts̀	consonant	affricate	alveolar	voiceless	tense
23	tsjh	tsjʰ	consonant	affricate	alveolar	voiceless	aspirated_palatalized
24	tswh	tswʰ	consonant	affricate	alveolar	voiceless	aspirated_labialized
25	tz	tz	consonant	affricate	alveolar	voiceless_to_voiced	plain
26	tz'	tzʼ	consonant	affricate	alveolar	voiceless_to_voiced	glottalized
27	tz’	tzʼ	consonant	affricate	alveolar	voiceless_to_voiced	glottalized
28	tþç	tɕɥ	consonant	affricate	alveolar_to_alveolopalatal	voiceless	labiopalatalized
29	ndB	ⁿdβ	consonant	affricate	alveolar_to_bilabial	voiced	prenasalized
30	nt¸	ⁿtɸ	consonant	affricate	alveolar_to_bilabial	voiceless	prenasalized
31	dB	dβ	consonant	affricate	alveolar_to_bilabial	voiced	plain
32	t¸h	tɸʰ	consonant	affricate	alveolar_to_bilabial	voiceless	aspirated
33	tT'	tθʼ	consonant	affricate	alveolar_to_dental	voiceless	glottalized
34	tT’	tθʼ	consonant	affricate	alveolar_to_dental	voiceless	glottalized
35	dD	dð	consonant	affricate	alveolar_to_interdental	voiced	plain
36	tT	tθ	consonant	affricate	alveolar_to_interdental	voiceless	plain
37	dÆ	dʝ	consonant	affricate	alveolar_to_palatal	voiced	plain
38	tC	tç	consonant	affricate	alveolar_to_palatal	voiceless	plain
39	tCh	tçʰ	consonant	affricate	alveolar_to_palatal	voiceless	aspirated
40	d½	dʐ	consonant	affricate	alveolar_to_retroflex	voiced	plain
41	t§	tʂ	consonant	affricate	alveolar_to_retroflex	voiceless	plain
42	t§'	tʂʼ	consonant	affricate	alveolar_to_retroflex	voiceless	glottalized
43	t§’	tʂʼ	consonant	affricate	alveolar_to_retroflex	voiceless	glottalized
44	dƒÄw	dɣw	consonant	affricate	alveolar_to_velar	voiced	labialized
45	dx	dx	consonant	affricate	alveolar_to_velar	voiced_to_voiceless	plain
46	tx	tx	consonant	affricate	alveolar_to_velar	voiceless	plain
47	dü	dʑ	consonant	affricate	alveolopalatal	voiced	plain
48	düç	dʑɥ	consonant	affricate	alveolopalatal	voiced	labiopalatalized
49	tþ	tɕ	consonant	affricate	alveolopalatal	voiceless	plain
50	tþH	tɕʰ	consonant	affricate	alveolopalatal	voiceless	aspirated
51	ttS	tːʃ	consonant	affricate	alveolopalatal	voiceless_long	plain
52	ttSS	tːʃː	consonant	affricate	alveolopalatal	voiceless_extra_long	plain
53	p¸	pɸ	consonant	affricate	bilabial	voiceless	plain
54	bƒz	bz	consonant	affricate	bilabial_to_alveolar	voiced	plain
55	bz	bz	consonant	affricate	bilabial_to_alveolar	voiced	plain
56	pƒs	ps	consonant	affricate	bilabial_to_alveolar	voiceless	plain
57	ps	ps	consonant	affricate	bilabial_to_alveolar	voiceless	plain
58	bƒL	bɮ	consonant	affricate	bilabial_to_lateral	voiced	plain
59	bZ	bʒ	consonant	affricate	bilabial_to_postalveolar	voiced	plain
60	pSh	pʃʰ	consonant	affricate	bilabial_to_postalveolar	voiceless	aspirated
61	pS'	pʃʼ	consonant	affricate	bilabial_to_postalveolar	voiceless	glottalized
62	pS’	pʃʼ	consonant	affricate	bilabial_to_postalveolar	voiceless	glottalized
63	d5z5	d̪z̪	consonant	affricate	dental	voiced	plain
64	d5z5w	d̪z̪ʷ	consonant	affricate	dental	voiced	labialized
65	d5z5j	d̪z̪ʲ	consonant	affricate	dental	voiced	palatalized
66	t5s5	t̪s̪	consonant	affricate	dental	voiceless	plain
67	t5s5:	t̪s̪ː	consonant	affricate	dental	voiceless_long	plain
68	t5s5ú	t̪s̪ɦ	consonant	affricate	dental	voiceless	voiced_aspirated
69	t5s5h	t̪s̪ʰ	consonant	affricate	dental	voiceless	aspirated
70	t5s5hw	t̪s̪ʰʷ	consonant	affricate	dental	voiceless	aspirated_labialized
71	t5s5'	t̪s̪ʼ	consonant	affricate	dental	voiceless	glottalized
72	t5s5’	t̪s̪ʼ	consonant	affricate	dental	voiceless	glottalized
73	t5s5j	t̺s̺ʲ	consonant	affricate	dental	voiceless	palatalized
74	d5Z	d̪ʒ	consonant	affricate	dental_to_postalveolar	voiced	plain
75	t5S	t̪ʃ	consonant	affricate	dental_to_postalveolar	voiceless	plain
76	d5D	d̪ð	consonant	affricate	interdental	voiced	plain
77	t5T	t̪θ	consonant	affricate	interdental	voiceless	plain
78	bv	bv	consonant	affricate	labiodental	voiced	plain
79	pf	pf	consonant	affricate	labiodental	voiceless	plain
80	pfH	pfʰ	consonant	affricate	labiodental	voiceless	aspirated
81	pv	pv	consonant	affricate	labiodental	voiceless_to_voiced	plain
82	bƒC	b͡ç	consonant	affricate	labiopalatal	voiced_to_voiceless	plain
83	bƒÆ	b͡ʝ	consonant	affricate	labiopalatal	voiced	plain
84	t6s6	t̻s̻	consonant	affricate	laminal_alveolar	voiceless	plain
85	d6ü	d̻ʑ	consonant	affricate	laminal_alveolar_to_alveolopalatal	voiced	plain
86	t6þ	t̻ɕ	consonant	affricate	laminal_alveolar_to_alveolopalatal	voiceless	plain
87	t6þh	t̻ɕʰ	consonant	affricate	laminal_alveolar_to_alveolopalatal	voiceless	aspirated
88	t6þ'	t̻ɕʼ	consonant	affricate	laminal_alveolar_to_alveolopalatal	voiceless	glottalized
89	t6þ’	t̻ɕʼ	consonant	affricate	laminal_alveolar_to_alveolopalatal	voiceless	glottalized
90	d6Z6	d̻ʒ̻	consonant	affricate	laminal_alveolar_to_laminal_postalveolar	voiced	plain
91	t6S6	t̻ʃ̻	consonant	affricate	laminal_postalveolar	voiceless	plain
92	ndL	ⁿdɮ	consonant	affricate	lateral	voiced	prenasalized
93	ntÂ	ⁿtɬ	consonant	affricate	lateral	voiceless	prenasalized
94	tÂ	tɬ	consonant	affricate	lateral	voiceless	plain
95	tÂh	tɬʰ	consonant	affricate	lateral	voiceless	aspirated
96	tÂ'	tɬʼ	consonant	affricate	lateral	voiceless	glottalized
97	tÂ’	tɬʼ	consonant	affricate	lateral	voiceless	glottalized
98	cC	cç	consonant	affricate	palatal	voiceless	plain
99	cCh	cçʰ	consonant	affricate	palatal	voiceless	aspirated
100	cC'	cçʼ	consonant	affricate	palatal	voiceless	glottalized
101	cC’	cçʼ	consonant	affricate	palatal	voiceless	glottalized
102	ïÆ	ɟʝ	consonant	affricate	palatal	voiced	plain
103	cþ	cɕ	consonant	affricate	palatal_to_alveolopalatal	voiceless	plain
104	cþH	cɕʰ	consonant	affricate	palatal_to_alveolopalatal	voiceless	aspirated
105	cþ'	cɕʼ	consonant	affricate	palatal_to_alveolopalatal	voiceless	glottalized
106	cþ’	cɕʼ	consonant	affricate	palatal_to_alveolopalatal	voiceless	glottalized
107	c$þ	c̀ɕ	consonant	affricate	palatal_to_alveolopalatal	voiceless	tense
108	ïü	ɟʑ	consonant	affricate	palatal_to_alveolopalatal	voiced	plain
109	cS	cʃ	consonant	affricate	palatal_to_postalveolar	voiceless	plain
110	ø8cS	ɲ̥cʃ	consonant	affricate	palatal_to_postalveolar	voiceless	voiceless_prenasalized
111	ødZ	ⁿdʒ	consonant	affricate	postalveolar	voiced	prenasalized
112	ndZ	ⁿdʒ	consonant	affricate	postalveolar	voiced	prenasalized
113	ntS	ⁿtʃ	consonant	affricate	postalveolar	voiceless	prenasalized
114	ntSHW	ⁿtʃʰʷ	consonant	affricate	postalveolar	voiceless	aspirated_labialized_prenasalized
115	ntSW	ⁿtʃʷ	consonant	affricate	postalveolar	voiceless	labialized_prenasalized
116	ntS'	ⁿtʃʼ	consonant	affricate	postalveolar	voiceless	glottalized_prenasalized
117	ntS’	ⁿtʃʼ	consonant	affricate	postalveolar	voiceless	glottalized_prenasalized
118	dZ	dʒ	consonant	affricate	postalveolar	voiced	plain
119	dZH	dʒʰ	consonant	affricate	postalveolar	voiced	aspirated
120	dZw	dʒʷ	consonant	affricate	postalveolar	voiced	labialized
121	dZj	dʒʲ	consonant	affricate	postalveolar	voiced	palatalized
122	ddZ	dːʒ	consonant	affricate	postalveolar	voiced_long	plain
123	mdZ	dʒ	consonant	affricate	postalveolar	voiced	labial_prenasalized
124	mtS	tʃ	consonant	affricate	postalveolar	voiceless	labial_prenasalized
125	tS	tʃ	consonant	affricate	postalveolar	voiceless	plain
126	tSú	tʃɦ	consonant	affricate	postalveolar	voiceless	voiced_aspirated
127	tSÖ	tʃˤ	consonant	affricate	postalveolar	voiceless	pharyngealized
128	tSH	tʃʰ	consonant	affricate	postalveolar	voiceless	aspirated
129	tSHW	tʃʰʷ	consonant	affricate	postalveolar	voiceless	aspirated_labialized
130	tSW	tʃʷ	consonant	affricate	postalveolar	voiceless	labialized
131	tSw'	tʃʷʼ	consonant	affricate	postalveolar	voiceless	glottalized_labialized
132	tSw’	tʃʷʼ	consonant	affricate	postalveolar	voiceless	glottalized_labialized
133	tS'	tʃʼ	consonant	affricate	postalveolar	voiceless	glottalized
134	tSʼ	tʃʼ	consonant	affricate	postalveolar	voiceless	glottalized
135	tSj	tʃʲ	consonant	affricate	postalveolar	voiceless	palatalized
136	tS$	tʃ̀	consonant	affricate	postalveolar	voiceless	tense
137	ÿ§	ʈʂ	consonant	affricate	retroflex	voiceless	plain
138	ÿ§H	ʈʂʰ	consonant	affricate	retroflex	voiceless	aspirated
139	ÿ§'	ʈʂʼ	consonant	affricate	retroflex	voiceless	glottalized
140	ÿ§’	ʈʂʼ	consonant	affricate	retroflex	voiceless	glottalized
141	ê½	ɖʐ	consonant	affricate	retroflex	voiced	plain
142	qX	qχ	consonant	affricate	uvular	voiceless	plain
143	Nkx'	ŋkxʼ	consonant	affricate	velar	voiceless	glottalized_prenasalized
144	Nkx’	ŋkxʼ	consonant	affricate	velar	voiceless	glottalized_prenasalized
145	gkx’	ɡkx’	consonant	affricate	velar	voiced_to_voiceless	glottalized
146	kxh	kxʰ	consonant	affricate	velar	voiceless	aspirated
147	kx'	kxʼ	consonant	affricate	velar	voiceless	glottalized
148	kx’	kxʼ	consonant	affricate	velar	voiceless	glottalized
149	kf	kf	consonant	affricate	velar_to_labiodental	voiced_to_voiceless	plain
150	dz’kx’	dzʼkxʼ	consonant	affricate_to_affricate	alveolar_to_velar	voiced_to_voiceless	glottalized
151	dz'kx'	dzʼkxʼ	consonant	affricate_to_affricate	alveolar_to_velar	voiced_to_voiceless	glottalized
152	ts’kx’	tsʼkxʼ	consonant	affricate_to_affricate	alveolar_to_velar	voiceless	glottalized
153	ts'kx'	tsʼkxʼ	consonant	affricate_to_affricate	alveolar_to_velar	voiceless	glottalized
154	dzƒÄw	dzɣw	consonant	affricate_to_fricative	alveolar_to_velar	voiced	labialized
155	dzx	dzx	consonant	affricate_to_fricative	alveolar_to_velar	voiced_to_voiceless	plain
156	tsx	tsx	consonant	affricate_to_fricative	alveolar_to_velar	voiceless	plain
157	dZƒÄw	dʒ͡ɣʷ	consonant	affricate_to_fricative	postalveolar_to_velar	voiced	labialized
158	gkx'	ɡkx’	consonant	affricate_to_fricative	velar	voiced_to_voiceless	glottalized
159	tsƒkw	ts͡kʷ	consonant	affricate_to_stop	alveolar_to_velar	voiceless	labialized
160	dZƒg	dʒ͡ɡ	consonant	affricate_to_stop	postalveolar_to_velar	voiced	plain
161	tSƒk	tʃ͡k	consonant	affricate_to_stop	postalveolar_to_velar	voiceless	plain
162	tƒkw	tʃ͡kʷ	consonant	affricate_to_stop	postalveolar_to_velar	voiceless	labialized
163	tSƒkw	tʃ͡kʷ	consonant	affricate_to_stop	postalveolar_to_velar	voiceless	labialized
164	¨	ɹ	consonant	approximant	alveolar	voiced	plain
165	¾â	ɹ	consonant	approximant	alveolar	voiced	plain
166	¨:	ɹː	consonant	approximant	alveolar	voiced_long	plain
167	V	ʋ	consonant	approximant	labiodental	voiced	plain
168	V+	ʋ*	consonant	approximant	labiodental	voiced	lax
169	Vh	ʋʰ	consonant	approximant	labiodental	voiced	aspirated
170	Vj	ʋʲ	consonant	approximant	labiodental	voiced	palatalized
171	V)	ʋ̃	consonant	approximant	labiodental	voiced	nasalized
172	ç	ɥ	consonant	approximant	labiopalatal	voiced	plain
173	ç8	ɥ̥	consonant	approximant	labiopalatal	voiceless	plain
174	w8	ʍ	consonant	approximant	labiovelar	voiceless	plain
175	/edw	ʔw	consonant	approximant	labiovelar	voiced	preglottalized
176	‘w	ʔw	consonant	approximant	labiovelar	voiced	preglottalized
177	w	w	consonant	approximant	labiovelar	voiced	plain
178	w+	w*	consonant	approximant	labiovelar	voiced	lax
179	w:	wː	consonant	approximant	labiovelar	voiced_long	plain
180	wú	wɦ	consonant	approximant	labiovelar	voiced	voiced_aspirated
181	w³	wˤ	consonant	approximant	labiovelar	voiced	pharyngealized
182	wH	wʰ	consonant	approximant	labiovelar	voiced	aspirated
183	w'	wʼ	consonant	approximant	labiovelar	voiced	glottalized
184	w/	wʼ	consonant	approximant	labiovelar	voiced	glottalized
185	w’	wʼ	consonant	approximant	labiovelar	voiced	glottalized
186	wj	wʲ	consonant	approximant	labiovelar	voiced	palatalized
187	w)	w̃	consonant	approximant	labiovelar	voiced	nasalized
188	/j	ʔj	consonant	approximant	palatal	voiced	preglottalized
189	‘j	ʔj	consonant	approximant	palatal	voiced	preglottalized
190	j	j	consonant	approximant	palatal	voiced	plain
191	j:	jː	consonant	approximant	palatal	voiced_long	plain
192	jH	jʰ	consonant	approximant	palatal	voiced	aspirated
193	jW	jʷ	consonant	approximant	palatal	voiced	labialized
194	j'	jʼ	consonant	approximant	palatal	voiced	glottalized
195	j/	jʼ	consonant	approximant	palatal	voiced	glottalized
196	j’	jʼ	consonant	approximant	palatal	voiced	glottalized
197	jæ	ĵ	consonant	approximant	palatal	voiced	lenis
198	j*	j̥	consonant	approximant	palatal	voiceless	plain
199	j)	j̃	consonant	approximant	palatal	voiced	nasalized
200	Ó	ɻ	consonant	approximant	retroflex	voiced	plain
201	qå	qɰ	consonant	approximant	uvular	voiced	plain
202	å	ɰ	consonant	approximant	velar	voiced	plain
203	µ9	ɰ	consonant	approximant	velar	voiced	plain
204	å'	ɰʼ	consonant	approximant	velar	voiced	glottalized
205	å’	ɰʼ	consonant	approximant	velar	voiced	glottalized
206	—	ǃ	consonant	click	alveolar	voiceless	plain
207	!d	ǃd	consonant	click	alveolar	voiceless	d_accompaniment
208	!Z	ǃʒ	consonant	click	alveolar	voiceless	Z_accompaniment
209	—/	ǃʔ	consonant	click	alveolar	voiceless	glottalized
210	—h	ǃʰ	consonant	click	alveolar	voiceless	aspirated
211	!S	ǃʃ	consonant	click	alveolar	voiceless	S_accompaniment
212	—kx/	ǃkxʔ	consonant	click	alveolar	voiceless	glottalized_kx_accompaniment
213	!n	ǃn	consonant	click	alveolar	voiceless	nasalized
214	—n	ǃn	consonant	click	alveolar	voiceless	nasalized
215	—n8	ǃn̥	consonant	click	alveolar	voiceless	voiceless_nasalized
216	—q	ǃq	consonant	click	alveolar	voiceless	q_accompaniment
217	—q/	ǃqʔ	consonant	click	alveolar	voiceless	glottalized_q_accompaniment
218	—qh	ǃqʰ	consonant	click	alveolar	voiceless	aspirated_q_accompaniment
219	!r	ǃr	consonant	click	alveolar	voiceless	r_accompaniment
220	!s	ǃs	consonant	click	alveolar	voiceless	s_accompaniment
221	!t	ǃt	consonant	click	alveolar	voiceless	t_accompaniment
222	—x	ǃx	consonant	click	alveolar	voiceless	x_accompaniment
223	!z	ǃz	consonant	click	alveolar	voiceless	z_accompaniment
224	—g	ɡǃ	consonant	click	alveolar	voiced	plain
225	g—	ɡǃ	consonant	click	alveolar	voiced	plain
226	g—h	ɡǃʰ	consonant	click	alveolar	voiced	aspirated
227	g—kx/	ɡǃkx	consonant	click	alveolar	voiced	kx_accompaniment
228	g—x	ɡǃx	consonant	click	alveolar	voiced	x_accompaniment
229	/—n	ʔǃn	consonant	click	alveolar	voiceless	nasalized_preglottalized
230	/‡n	ʔʘn	consonant	click	alveolar	voiceless	glottalized_prenasalized
231	l!	lǃ	consonant	click	alveolar	voiced	l_accompaniment
232	m—G	mǃG	consonant	click	alveolar	voiceless	labial_prenasalized_G_accompaniment
233	n—	nǃ	consonant	click	alveolar	voiceless	prenasalized
234	ng—	nɡǃ	consonant	click	alveolar	voiced	prenasalized
235	nk—	nkǃ	consonant	click	alveolar	voiceless	alveolar_prenasalized
236	‡g	ɡʘ	consonant	click	bilabial	voiced	plain
237	g‡h	ɡʘʰ	consonant	click	bilabial	voiced	aspirated
238	g‡kx/	ɡʘkx	consonant	click	bilabial	voiced	kx_accompaniment
239	g‡x	ɡʘx	consonant	click	bilabial	voiced	x_accompaniment
240	‡	ʘ	consonant	click	bilabial	voiceless	plain
241	‡/	ʘʔ	consonant	click	bilabial	voiceless	glottalized
242	‡h	ʘʰ	consonant	click	bilabial	voiceless	aspirated
243	‡kx/	ʘkxʔ	consonant	click	bilabial	voiceless	glottalized_kx_accompaniment
244	‡n	ʘn	consonant	click	bilabial	voiceless	nasalized
245	‡n8	ʘn̥	consonant	click	bilabial	voiceless	voiceless_nasalized
246	‡q	ʘq	consonant	click	bilabial	voiceless	q_accompaniment
247	‡q/	ʘqʔ	consonant	click	bilabial	voiceless	glottalized_q_accompaniment
248	‡qh	ʘqʰ	consonant	click	bilabial	voiceless	aspirated_q_accompaniment
249	‡x	ʘx	consonant	click	bilabial	voiceless	x_accompaniment
250	m‡G	mʘG	consonant	click	bilabial	voiceless	labial_prenasalized_G_accompaniment
251	p<	p<	consonant	click	bilabial	voiceless	pulmonic_ingressive
252	nŽ	ⁿǀ	consonant	click	dental	voiceless	prenasalized
253	–	ǀ	consonant	click	dental	voiceless	plain
254	Ž	ǀ	consonant	click	dental	voiceless	plain
255	–/	ǀʔ	consonant	click	dental	voiceless	glottalized
256	–h	ǀʰ	consonant	click	dental	voiceless	aspirated
257	–kx/	ǀkxʔ	consonant	click	dental	voiceless	glottalized_kx_accompaniment
258	–n	ǀn	consonant	click	dental	voiceless	nasalized
259	–n8	ǀn̥	consonant	click	dental	voiceless	voiceless_nasalized
260	–q	ǀq	consonant	click	dental	voiceless	q_accompaniment
261	–q/	ǀqʔ	consonant	click	dental	voiceless	glottalized_q_accompaniment
262	–qh	ǀqʰ	consonant	click	dental	voiceless	aspirated_q_accompaniment
263	–s	ǀs	consonant	click	dental	voiceless	affricative
264	–x	ǀx	consonant	click	dental	voiceless	x_accompaniment
265	–g	ɡǀ	consonant	click	dental	voiced	plain
266	g–	ɡǀ	consonant	click	dental	voiced	plain
267	g–h	ɡǀʰ	consonant	click	dental	voiced	aspirated
268	g–kx/	ɡǀkx	consonant	click	dental	voiced	kx_accompaniment
269	g–x	ɡǀx	consonant	click	dental	voiced	x_accompaniment
270	/–n	ʔǀn	consonant	click	dental	voiceless	nasalized_preglottalized
271	m–G	mǀG	consonant	click	dental	voiceless	labial_prenasalized_G_accompaniment
272	n–	nǀ	consonant	click	dental	voiceless	prenasalized
273	ng–	nɡǀ	consonant	click	dental	voiced	prenasalized
274	nk–	nkǀ	consonant	click	dental	voiceless	alveolar_prenasalized_k_accompaniment
275	’	ǁ	consonant	click	lateral	voiceless	plain
276	„	ǁ	consonant	click	lateral	voiceless	plain
277	„/	ǁʔ	consonant	click	lateral	voiceless	glottalized
278	„h	ǁʰ	consonant	click	lateral	voiceless	aspirated
279	„kx/	ǁkxʔ	consonant	click	lateral	voiceless	glottalized_kx_accompaniment
280	„n	ǁn	consonant	click	lateral	voiced	nasalized
281	„n8	ǁn̥	consonant	click	lateral	voiced	voiceless_nasalized
282	„q	ǁq	consonant	click	lateral	voiceless	q_accompaniment
283	„qh	ǁqʰ	consonant	click	lateral	voiceless	aspirated_q_accompaniment
284	„x	ǁx	consonant	click	lateral	voiceless	x_accompaniment
285	„g	ɡǁ	consonant	click	lateral	voiced	plain
286	g„	ɡǁ	consonant	click	lateral	voiced	plain
287	g„h	ɡǁʰ	consonant	click	lateral	voiced	aspirated
288	g„kx/	ɡǁkx	consonant	click	lateral	voiced	kx_accompaniment
289	g„x	ɡǁx	consonant	click	lateral	voiced	x_accompaniment
290	/„n	ʔǁn	consonant	click	lateral	voiceless	glottalized_prenasalized
291	m„G	mǁG	consonant	click	lateral	voiced	labial_prenasalized_G_accompaniment
292	n„	nǁ	consonant	click	lateral	voiceless	prenasalized
293	ng„	nɡǁ	consonant	click	lateral	voiced	prenasalized
294	„q/	ǁqʔ	consonant	click	lateral	voiceless	glottalized_q_accompaniment
295	œ	ǂ	consonant	click	palatoalveolar	voiceless	plain
296	œ/	ǂʔ	consonant	click	palatoalveolar	voiceless	glottalized
297	œh	ǂʰ	consonant	click	palatoalveolar	voiceless	aspirated
298	œkx/	ǂkxʔ	consonant	click	palatoalveolar	voiceless	glottalized_kx_accompaniment
299	œn	ǂn	consonant	click	palatoalveolar	voiceless	nasalized
300	œn8	ǂn̥	consonant	click	palatoalveolar	voiceless	voiceless_nasalized
301	œq	ǂq	consonant	click	palatoalveolar	voiceless	q_accompaniment
302	œq/	ǂqʔ	consonant	click	palatoalveolar	voiceless	glottalized_q_accompaniment
303	œqh	ǂqʰ	consonant	click	palatoalveolar	voiceless	aspirated_q_accompaniment
304	œx	ǂx	consonant	click	palatoalveolar	voiceless	x_accompaniment
305	œg	ɡǂ	consonant	click	palatoalveolar	voiced	plain
306	gœ	ɡǂ	consonant	click	palatoalveolar	voiced	plain
307	gœh	ɡǂʰ	consonant	click	palatoalveolar	voiced	aspirated
308	gœkx/	ɡǂkx	consonant	click	palatoalveolar	voiced	kx_accompaniment
309	gœx	ɡǂx	consonant	click	palatoalveolar	voiced	x_accompaniment
310	/œn	ʔǂn	consonant	click	palatoalveolar	voiceless	nasalized_preglottalized
311	mœG	mǂG	consonant	click	palatoalveolar	voiceless	labial_prenasalized_G_accompaniment
312	nœ	nǂ	consonant	click	palatoalveolar	voiceless	prenasalized
313	ngœ	nɡǂ	consonant	click	palatoalveolar	voiced	prenasalized
314	t'/ë	t'	consonant	ejective	alveolar	voiceless	plain
315	d'	dʼ	consonant	ejective	alveolar	voiced	plain
316	d’	dʼ	consonant	ejective	alveolar	voiced	plain
317	t'	tʼ	consonant	ejective	alveolar	voiceless	plain
318	t’	tʼ	consonant	ejective	alveolar	voiceless	plain
319	t’w	tʼʷ	consonant	ejective	alveolar	voiceless	labialized
320	t'w	tʼʷ	consonant	ejective	alveolar	voiceless	labialized
321	p'	pʼ	consonant	ejective	bilabial	voiceless	plain
322	p’	pʼ	consonant	ejective	bilabial	voiceless	plain
323	p’³	pʼˤ	consonant	ejective	bilabial	voiceless	pharyngealized
324	p'³	pʼˤ	consonant	ejective	bilabial	voiceless	pharyngealized
325	n5t5'	n̪t̪ʼ	consonant	ejective	dental	voiceless	prenasalized
326	n5t5’	n̪t̪ʼ	consonant	ejective	dental	voiceless	prenasalized
327	t5'	t̪ʼ	consonant	ejective	dental	voiceless	plain
328	t5ʼ	t̪ʼ	consonant	ejective	dental	voiceless	plain
329	c'	cʼ	consonant	ejective	palatal	voiceless	plain
330	c’	cʼ	consonant	ejective	palatal	voiceless	plain
331	q'	qʼ	consonant	ejective	uvular	voiceless	plain
332	q’	qʼ	consonant	ejective	uvular	voiceless	plain
333	q’³	qʼˤ	consonant	ejective	uvular	voiceless	pharyngealized
334	q'³	qʼˤ	consonant	ejective	uvular	voiceless	pharyngealized
335	q’³w	qʼˤʷ	consonant	ejective	uvular	voiceless	pharyngealized_labialized
336	q'³w	qʼˤʷ	consonant	ejective	uvular	voiceless	pharyngealized_labialized
337	q’w	qʼʷ	consonant	ejective	uvular	voiceless	labialized
338	q'w	qʼʷ	consonant	ejective	uvular	voiceless	labialized
339	q’j	qʼʲ	consonant	ejective	uvular	voiceless	palatalized
340	q'j	qʼʲ	consonant	ejective	uvular	voiceless	palatalized
341	k'	kʼ	consonant	ejective	velar	voiceless	plain
342	k’	kʼ	consonant	ejective	velar	voiceless	plain
343	k’w	kʼʷ	consonant	ejective	velar	voiceless	labialized
344	k'w	kʼʷ	consonant	ejective	velar	voiceless	labialized
345	k’j	kʼʲ	consonant	ejective	velar	voiceless	palatalized
346	k'j	kʼʲ	consonant	ejective	velar	voiceless	palatalized
347	d’kx’	dʼkxʼ	consonant	ejective_to_affricate	alveolar_to_velar	voiced_to_voiceless	glottalized
348	d'kx'	dʼkxʼ	consonant	ejective_to_affricate	alveolar_to_velar	voiced_to_voiceless	glottalized
349	t’kx’	tʼkxʼ	consonant	ejective_to_affricate	alveolar_to_velar	voiceless	glottalized
350	t'kx'	tʼkxʼ	consonant	ejective_to_affricate	alveolar_to_velar	voiceless	glottalized
351	R	ɾ	consonant	flap	alveolar	voiced	plain
352	R³	ɾˤ	consonant	flap	alveolar	voiced	pharyngealized
353	Rj	ɾʲ	consonant	flap	alveolar	voiced	palatalized
354	n&	ɾ̃	consonant	flap	alveolar	voiced	nasalized
355	R5	ɾ̪	consonant	flap	dental	voiced	plain
356	R5³	ɾ̪ˤ	consonant	flap	dental	voiced	pharyngealized
357	RD	ɾð	consonant	flap	interdental	voiced	plain
358	vR	vɾ	consonant	flap	labiodental	voiced	plain
359	R:	ɾˡ	consonant	flap	lateral	voiced	plain
360	ä	ɺ	consonant	flap	lateral	voiced	plain
361	}	ɽ	consonant	flap	retroflex	voiced	plain
362	}H	ɽʰ	consonant	flap	retroflex	voiced	aspirated
363	}h	ɽʰ	consonant	flap	retroflex	voiced	aspirated
364	ns	ⁿs	consonant	fricative	alveolar	voiceless	prenasalized
365	nz	ⁿz	consonant	fricative	alveolar	voiced	prenasalized
366	S’w	ʃʼʷ	consonant	fricative	alveolar	voiceless	glottalized_labialized
367	S'w	ʃʼʷ	consonant	fricative	alveolar	voiceless	glottalized_labialized
368	n8s	n̥s	consonant	fricative	alveolar	voiceless	voiceless_prenasalized
369	nzw	nzʷ	consonant	fricative	alveolar	voiced	labialized_prenasalized
370	s	s	consonant	fricative	alveolar	voiceless	plain
371	ss	sː	consonant	fricative	alveolar	voiceless_long	plain
372	sÄ	sˠ	consonant	fricative	alveolar	voiceless	velarized
373	s³	sˤ	consonant	fricative	alveolar	voiceless	pharyngealized
374	sÖ	sˤ	consonant	fricative	alveolar	voiceless	pharyngealized
375	sç	sɥ	consonant	fricative	alveolar	voiceless	labiopalatalized
376	sH	sʰ	consonant	fricative	alveolar	voiceless	aspirated
377	sW	sʷ	consonant	fricative	alveolar	voiceless	labialized
378	s'	sʼ	consonant	fricative	alveolar	voiceless	glottalized
379	s/	sʼ	consonant	fricative	alveolar	voiceless	glottalized
380	s’	sʼ	consonant	fricative	alveolar	voiceless	glottalized
381	sJ	sʲ	consonant	fricative	alveolar	voiceless	palatalized
382	s$	s̀	consonant	fricative	alveolar	voiceless	tense
383	s&	š	consonant	fricative	alveolar	voiceless	trilled
384	z	z	consonant	fricative	alveolar	voiced	plain
385	zÖ	zˤ	consonant	fricative	alveolar	voiced	pharyngealized
386	z³	zˤ	consonant	fricative	alveolar	voiced	pharyngealized
387	zW	zʷ	consonant	fricative	alveolar	voiced	labialized
388	z'	zʼ	consonant	fricative	alveolar	voiced	glottalized
389	z’	zʼ	consonant	fricative	alveolar	voiced	glottalized
390	zj	zʲ	consonant	fricative	alveolar	voiced	palatalized
391	z-	z̤	consonant	fricative	alveolar	breathy	plain
392	zƒwÄw	zʷ͡ɣw	consonant	fricative	alveolar_to_velar	voiced	labialized_labialized
393	zƒÄw	z͡ɣw	consonant	fricative	alveolar_to_velar	voiced	labialized
394	ü	ʑ	consonant	fricative	alveolopalatal	voiced	plain
395	þ	ɕ	consonant	fricative	alveolopalatal	voiceless	plain
396	þç	ɕɥ	consonant	fricative	alveolopalatal	voiceless	labiopalatalized
397	þh	ɕʰ	consonant	fricative	alveolopalatal	voiceless	aspirated
398	¸	ɸ	consonant	fricative	bilabial	voiceless	plain
399	mv	v	consonant	fricative	bilabial	voiced	prenasalized
400	B	β	consonant	fricative	bilabial	voiced	plain
401	n5z5	n̪z̪	consonant	fricative	dental	voiced	prenasalized
402	s5	s̪	consonant	fricative	dental	voiceless	plain
403	s5:	s̪ː	consonant	fricative	dental	voiceless_long	plain
404	s5Ö	s̪ˤ	consonant	fricative	dental	voiceless	pharyngealized
405	s5³	s̪ˤ	consonant	fricative	dental	voiceless	pharyngealized
406	s5Ö:	s̪ˤː	consonant	fricative	dental	voiceless_long	pharyngealized
407	s5'	s̪ʼ	consonant	fricative	dental	voiceless	glottalized
408	s5’	s̪ʼ	consonant	fricative	dental	voiceless	glottalized
409	s5j	s̪ʲ	consonant	fricative	dental	voiceless	palatalized
410	z5	z̪	consonant	fricative	dental	voiced	plain
411	z5:	z̪ː	consonant	fricative	dental	voiced_long	plain
412	z5Ö	z̪ˤ	consonant	fricative	dental	voiced	pharyngealized
413	z5³	z̪ˤ	consonant	fricative	dental	voiced	pharyngealized
414	z5Ö:	z̪ˤː	consonant	fricative	dental	voiced_long	pharyngealized
415	z5j	z̪ʲ	consonant	fricative	dental	voiced	palatalized
416	s5v	s̪v	consonant	fricative	dental_to_labiodental	voiceless_to_voiced	plain
417	z5v	z̪v	consonant	fricative	dental_to_labiodental	voiced	plain
418	ú	ɦ	consonant	fricative	glottal	voiced	plain
419	új	ɦʷ	consonant	fricative	glottal	voiced	labialized
420	úw	ɦʲ	consonant	fricative	glottal	voiced	palatalized
421	ú)	ɦ̃	consonant	fricative	glottal	voiced	nasalized
422	h	h	consonant	fricative	glottal	voiceless	plain
423	h³	hˤ	consonant	fricative	glottal	voiceless	pharyngealized
424	hW	hʷ	consonant	fricative	glottal	voiceless	labialized
425	hw:	hʷː	consonant	fricative	glottal	voiceless_long	labialized
426	hJ	hʲ	consonant	fricative	glottal	voiceless	palatalized
427	h)	h̃	consonant	fricative	glottal	voiceless	nasalized
428	D	ð	consonant	fricative	interdental	voiced	plain
429	DÄ	ðˠ	consonant	fricative	interdental	voiced	velarized
430	DÖ	ðˤ	consonant	fricative	interdental	voiced	pharyngealized
431	D³	ðˤ	consonant	fricative	interdental	voiced	pharyngealized
432	Dj	ðʲ	consonant	fricative	interdental	voiced	palatalized
433	T	θ	consonant	fricative	interdental	voiceless	plain
434	T'	θʼ	consonant	fricative	interdental	voiceless	glottalized
435	T’	θʼ	consonant	fricative	interdental	voiceless	glottalized
436	nD	nð	consonant	fricative	interdental	voiced	prenasalized
437	M8f	ɱ̥f	consonant	fricative	labiodental	voiceless	voiceless_prenasalized
438	f	f	consonant	fricative	labiodental	voiceless	plain
439	f:	fː	consonant	fricative	labiodental	voiceless_long	plain
440	ff	fː	consonant	fricative	labiodental	voiceless_long	plain
441	fl	fˡ	consonant	fricative	labiodental	voiceless	lateral
442	f³	fˤ	consonant	fricative	labiodental	voiceless	pharyngealized
443	fW	fʷ	consonant	fricative	labiodental	voiceless	labialized
444	f'	fʼ	consonant	fricative	labiodental	voiceless	glottalized
445	f’	fʼ	consonant	fricative	labiodental	voiceless	glottalized
446	fj	fʲ	consonant	fricative	labiodental	voiceless	palatalized
447	fJ	fʲ	consonant	fricative	labiodental	voiceless	palatalized
448	mf	f	consonant	fricative	labiodental	voiceless	prenasalized
449	Mv	v	consonant	fricative	labiodental	voiced	prenasalized
450	v	v	consonant	fricative	labiodental	voiced	plain
451	vl	vˡ	consonant	fricative	labiodental	voiced	lateral
452	v³	vˤ	consonant	fricative	labiodental	voiced	pharyngealized
453	vh	vʰ	consonant	fricative	labiodental	voiced	aspirated
454	vW	vʷ	consonant	fricative	labiodental	voiced	labialized
455	vj	vʲ	consonant	fricative	labiodental	voiced	palatalized
456	vJ	vʲ	consonant	fricative	labiodental	voiced	palatalized
457	v-	v̤	consonant	fricative	labiodental	breathy	plain
458	v8	v̥	consonant	fricative	labiodental	devoiced	plain
459	v)j	ṽʲ	consonant	fricative	labiodental	voiced	nasalized_palatalized
460	v)J	ṽʲ	consonant	fricative	labiodental	voiced	nasalized_palatalized
461	fS	fʃ	consonant	fricative	labiodental_to_postalveolar	voiceless	plain
462	ÄƒB	ɣ͡β	consonant	fricative	labiovelar	voiced	plain
463	xƒ¸	x͡ɸ	consonant	fricative	labiovelar	voiceless	plain
464	s6	s̻	consonant	fricative	laminal_alveolar	voiceless	plain
465	s6Ö	s̻ˤ	consonant	fricative	laminal_alveolar	voiceless	pharyngealized
466	z6	z̻	consonant	fricative	laminal_alveolar	voiced	plain
467	z6Ö	z̻ˤ	consonant	fricative	laminal_alveolar	voiced	pharyngealized
468	Z6	ʒ̥	consonant	fricative	laminal_postalveolar	voiced	plain
469	Z6w	ʒ̥ʷ	consonant	fricative	laminal_postalveolar	voiced	labialized
470	S6w	ʃ̥ʷ	consonant	fricative	laminal_postalveolar	voiceless	labialized
471	nÂ	ⁿɬ	consonant	fricative	lateral	voiceless	prenasalized
472	nL	ⁿɮ	consonant	fricative	lateral	voiced	prenasalized
473	Â	ɬ	consonant	fricative	lateral	voiceless	plain
474	Âw	ɬʷ	consonant	fricative	lateral	voiceless	labialized
475	Â'	ɬʼ	consonant	fricative	lateral	voiceless	glottalized
476	Â/	ɬʼ	consonant	fricative	lateral	voiceless	glottalized
477	Â’	ɬʼ	consonant	fricative	lateral	voiceless	glottalized
478	Â$	ɬ̀	consonant	fricative	lateral	voiceless	tense
479	L	ɮ	consonant	fricative	lateral	voiced	plain
480	mÂ	ɬ	consonant	fricative	lateral	voiceless	labial_prenasalized
481	C	ç	consonant	fricative	palatal	voiceless	plain
482	Cw	çʷ	consonant	fricative	palatal	voiceless	labialized
483	Æ	ʝ	consonant	fricative	palatal	voiced	plain
484	Æ'	ʝʼ	consonant	fricative	palatal	voiced	glottalized
485	Æ’	ʝʼ	consonant	fricative	palatal	voiced	glottalized
486	ð	ħ	consonant	fricative	pharyngeal	voiceless	plain
487	ðw	ħʷ	consonant	fricative	pharyngeal	voiceless	labialized
488	Ö	ʕ	consonant	fricative	pharyngeal	voiced	plain
489	Öw	ʕʷ	consonant	fricative	pharyngeal	voiced	labialized
490	Ö'	ʕʼ	consonant	fricative	pharyngeal	voiced	glottalized
491	Ö’	ʕʼ	consonant	fricative	pharyngeal	voiced	glottalized
492	Ö’w	ʕʼʷ	consonant	fricative	pharyngeal	voiced	glottalized_labialized
493	Ö'w	ʕʼʷ	consonant	fricative	pharyngeal	voiced	glottalized_labialized
494	øZ	ⁿʒ	consonant	fricative	postalveolar	voiced	prenasalized
495	nZ	ⁿʒ	consonant	fricative	postalveolar	voiced	prenasalized
496	øS	ⁿʃ	consonant	fricative	postalveolar	voiceless	prenasalized
497	Z	ʒ	consonant	fricative	postalveolar	voiced	plain
498	Z:	ʒː	consonant	fricative	postalveolar	voiced_long	plain
499	Zʰ	ʒʰ	consonant	fricative	postalveolar	voiced	aspirated
500	Zh	ʒʰ	consonant	fricative	postalveolar	voiced	aspirated
501	Zw	ʒʷ	consonant	fricative	postalveolar	voiced	labialized
502	ZW	ʒʷ	consonant	fricative	postalveolar	voiced	labialized
503	Zj	ʒʲ	consonant	fricative	postalveolar	voiced	palatalized
504	Z_	ʒ̤	consonant	fricative	postalveolar	breathy	plain
505	ø8S	ɲ̥ʃ	consonant	fricative	postalveolar	voiceless	voiceless_prenasalized
506	S	ʃ	consonant	fricative	postalveolar	voiceless	plain
507	S:	ʃː	consonant	fricative	postalveolar	voiceless_long	plain
508	SS	ʃː	consonant	fricative	postalveolar	voiceless_long	plain
509	SW	ʃʷ	consonant	fricative	postalveolar	voiceless	labialized
510	S'	ʃʼ	consonant	fricative	postalveolar	voiceless	glottalized
511	S’	ʃʼ	consonant	fricative	postalveolar	voiceless	glottalized
512	Sj	ʃʲ	consonant	fricative	postalveolar	voiceless	palatalized
513	S$	ʃ̀	consonant	fricative	postalveolar	voiceless	tense
514	mS	ʃ	consonant	fricative	postalveolar	voiceless	labial_prenasalized
515	ZƒÄw	ʒ͡ɣw	consonant	fricative	postalveolar_to_velar	voiced	labialized
516	n2s2	n̞s̞	consonant	fricative	retracted_alveolar	voiceless	prenasalized
517	s2	s̞	consonant	fricative	retracted_alveolar	voiceless	plain
518	½	ʐ	consonant	fricative	retroflex	voiced	plain
519	§	ʂ	consonant	fricative	retroflex	voiceless	plain
520	§h	ʂʰ	consonant	fricative	retroflex	voiceless	aspirated
521	Ò	ʁ	consonant	fricative	uvular	voiced	plain
522	Ò:	ʁː	consonant	fricative	uvular	voiced_long	plain
523	Ò³	ʁˤ	consonant	fricative	uvular	voiced	pharyngealized
524	Ò³w	ʁˤʷ	consonant	fricative	uvular	voiced	pharyngealized_labialized
525	Òw	ʁʷ	consonant	fricative	uvular	voiced	labialized
526	Òj	ʁʲ	consonant	fricative	uvular	voiced	palatalized
527	X	χ	consonant	fricative	uvular	voiceless	plain
528	X:	χː	consonant	fricative	uvular	voiceless_long	plain
529	X³	χˤ	consonant	fricative	uvular	voiceless	pharyngealized
530	X³w	χˤʷ	consonant	fricative	uvular	voiceless	pharyngealized_labialized
531	Xw	χʷ	consonant	fricative	uvular	voiceless	labialized
532	Xj	χʲ	consonant	fricative	uvular	voiceless	palatalized
533	X$	χ̀	consonant	fricative	uvular	voiceless	tense
534	X$w	χ̀ʷ	consonant	fricative	uvular	voiceless	labialized_tense
535	Ä	ɣ	consonant	fricative	velar	voiced	plain
536	g&	ɣː	consonant	fricative	velar	voiced_long	plain
537	Äh	ɣʰ	consonant	fricative	velar	voiced	aspirated
538	Äw	ɣʷ	consonant	fricative	velar	voiced	labialized
539	Ä'	ɣʼ	consonant	fricative	velar	voiced	glottalized
540	Ä’	ɣʼ	consonant	fricative	velar	voiced	glottalized
541	Äj	ɣʲ	consonant	fricative	velar	voiced	palatalized
542	Ä$	ɣ̀	consonant	fricative	velar	voiced	tense
543	x	x	consonant	fricative	velar	voiceless	plain
544	x:	xː	consonant	fricative	velar	voiceless_long	plain
545	xh	xʰ	consonant	fricative	velar	voiceless	aspirated
546	xw	xʷ	consonant	fricative	velar	voiceless	labialized
547	x'	xʼ	consonant	fricative	velar	voiceless	glottalized
548	x’	xʼ	consonant	fricative	velar	voiceless	glottalized
549	xj	xʲ	consonant	fricative	velar	voiceless	palatalized
550	xJ	xʲ	consonant	fricative	velar	voiceless	palatalized
551	x$	x̀	consonant	fricative	velar	voiceless	tense
552	x$w	x̀ʷ	consonant	fricative	velar	voiceless	labialized_tense
553	StS	ʃtʃ	consonant	fricative_to_affricate	postalveolar	voiceless	plain
554	sƒkw	s͡kʷ	consonant	fricative_to_stop	alveolar_to_velar	voiceless	labialized
555	sƒwkw	s͡kʷ	consonant	fricative_to_stop	alveolar_to_velar	voiceless	labialized
556	Sƒkw	ʃ͡kʷ	consonant	fricative_to_stop	postalveolar_to_velar	voiceless	labialized
557	ë	ɗ	consonant	implosive	alveolar	voiced	plain
558	ëW	ɗʷ	consonant	implosive	alveolar	voiced	labialized
559	º	ɓ	consonant	implosive	bilabial	voiced	plain
560	ºW	ɓʷ	consonant	implosive	bilabial	voiced	labialized
561	¹	ɓ̥	consonant	implosive	bilabial	voiceless	plain
562	º¥ì	ɓ̥ˠ	consonant	implosive	bilabial	voiceless	velarized
563	ë5	ɗ̪	consonant	implosive	dental	voiced	plain
564	©ƒº	ɠ͡ɓ	consonant	implosive	labiovelar	voiced	plain
565	×	ʄ	consonant	implosive	palatal	voiced	plain
566	‚	ʄ̥	consonant	implosive	palatal	voiceless	plain
567	ÿej	ɖ˞	consonant	implosive	retroflex	voiceless	plain
568	ý	ʛ	consonant	implosive	uvular	voiced	plain
569	©	ɠ	consonant	implosive	velar	voiced	plain
570	©w	ɠʷ	consonant	implosive	velar	voiced	labialized
571	©j	ɠʲ	consonant	implosive	velar	voiced	palatalized
572	Ï8	ɠ̥	consonant	implosive	velar	voiceless	plain
573	ëZ	ɗʒ	consonant	implosive_affricate	postalveolar	voiced	plain
574	l+	l̟	consonant	lateral_approximant	advanced_lateral	voiced	plain
575	l+j	l̟ʲ	consonant	lateral_approximant	advanced_lateral	voiced	palatalized
576	l+J	l̟ʲ	consonant	lateral_approximant	advanced_lateral	voiced	palatalized
577	l5	l̪	consonant	lateral_approximant	dental	voiced	plain
578	l5:	l̪ː	consonant	lateral_approximant	dental	voiced_long	plain
579	l5Ö	l̪ˤ	consonant	lateral_approximant	dental	voiced	pharyngealized
580	l5³	l̪ˤ	consonant	lateral_approximant	dental	voiced	pharyngealized
581	l5Ö:	l̪ˤː	consonant	lateral_approximant	dental	voiced_long	pharyngealized
582	l5h	l̪ʰ	consonant	lateral_approximant	dental	voiced	aspirated
583	l5'	l̪ʼ	consonant	lateral_approximant	dental	voiced	glottalized
584	l5’	l̪ʼ	consonant	lateral_approximant	dental	voiced	glottalized
585	l5j	l̪ʲ	consonant	lateral_approximant	dental	voiced	palatalized
586	/l	ʔl	consonant	lateral_approximant	lateral	voiced	preglottalized
587	‘l	ʔl	consonant	lateral_approximant	lateral	voiced	preglottalized
588	medl	l	consonant	lateral_approximant	lateral	voiced	labial_prenasalized
589	l	l	consonant	lateral_approximant	lateral	voiced	plain
590	l:	lː	consonant	lateral_approximant	lateral	voiced_long	plain
591	ll	lː	consonant	lateral_approximant	lateral	voiced_long	plain
592	É	lˠ	consonant	lateral_approximant	lateral	voiced	velarized
593	lÄ	lˠ	consonant	lateral_approximant	lateral	voiced	velarized
594	Éw	lˠʷ	consonant	lateral_approximant	lateral	voiced	labialized_velarized
595	lÖ	lˤ	consonant	lateral_approximant	lateral	voiced	pharyngealized
596	lç	lɥ	consonant	lateral_approximant	lateral	voiced	labiopalatalized
597	lH	lʰ	consonant	lateral_approximant	lateral	voiced	aspirated
598	lW	lʷ	consonant	lateral_approximant	lateral	voiced	labialized
599	l'	lʼ	consonant	lateral_approximant	lateral	voiced	glottalized
600	l’	lʼ	consonant	lateral_approximant	lateral	voiced	glottalized
601	lJ	lʲ	consonant	lateral_approximant	lateral	voiced	palatalized
602	l-	l̤	consonant	lateral_approximant	lateral	breathy	plain
603	l8	l̥	consonant	lateral_approximant	lateral	voiceless	plain
604	l8H	l̥ʰ	consonant	lateral_approximant	lateral	voiceless	aspirated
605	l`	l̩	consonant	lateral_approximant	lateral	voiced	syllabic
606	l)	l̃	consonant	lateral_approximant	lateral	voiced	nasalized
607	´	ʎ	consonant	lateral_approximant	palatal	voiced	plain
608	´8	ʎ̥	consonant	lateral_approximant	palatal	voiceless	plain
609	ñ	ɭ	consonant	lateral_approximant	retroflex	voiced	plain
610	l5T	l̪θ	consonant	lateral_approximant_to_fricative	dental	voiced_to_voiceless	plain
611	o9	o̯	consonant	mid_approximant	labiovelar	voiced	plain
612	e9	e̯	consonant	mid_approximant	palatal	voiced	plain
613	n+	n̟	consonant	nasal	advanced_alveolar	voiced	plain
614	n+’	n̟ʲ	consonant	nasal	advanced_alveolar	voiced	palatalized
615	n+J	n̟ʲ	consonant	nasal	advanced_alveolar	voiced	palatalized
616	/n	ʔn	consonant	nasal	alveolar	voiced	preglottalized
617	‘n	ʔn	consonant	nasal	alveolar	voiced	preglottalized
618	n	n	consonant	nasal	alveolar	voiced	plain
619	n'	n’	consonant	nasal	alveolar	voiced	glottalized
620	n/	n’	consonant	nasal	alveolar	voiced	glottalized
621	n’	n’	consonant	nasal	alveolar	voiced	glottalized
622	n:	nː	consonant	nasal	alveolar	voiced_long	plain
623	nn	nː	consonant	nasal	alveolar	voiced_long	plain
624	nÖ	nˤ	consonant	nasal	alveolar	voiced	pharyngealized
625	n³	nˤ	consonant	nasal	alveolar	voiced	pharyngealized
626	nÖ:	nˤː	consonant	nasal	alveolar	voiced_long	pharyngealized
627	nH	nʰ	consonant	nasal	alveolar	voiced	aspirated
628	nW	nʷ	consonant	nasal	alveolar	voiced	labialized
629	nJ	nʲ	consonant	nasal	alveolar	voiced	palatalized
630	ny	nʲ	consonant	nasal	alveolar	voiced	palatalized
631	n%	n̏	consonant	nasal	alveolar	voiced	heavy
632	næ	n̂	consonant	nasal	alveolar	voiced	lax
633	n-	n̤	consonant	nasal	alveolar	breathy	plain
634	n8	n̥	consonant	nasal	alveolar	voiceless	plain
635	n`	n̩	consonant	nasal	alveolar	voiced	syllabic
636	nƒNw	nŋw	consonant	nasal	alveolar_to_velar	voiced	labialized
637	/m	ʔm	consonant	nasal	bilabial	voiced	preglottalized
638	‘m	ʔm	consonant	nasal	bilabial	voiced	preglottalized
639	m	m	consonant	nasal	bilabial	voiced	plain
640	m<	m<	consonant	nasal	bilabial	voiced	pulmonic_ingressive
641	m:	mː	consonant	nasal	bilabial	voiced_long	plain
642	mm	mː	consonant	nasal	bilabial	voiced_long	plain
643	mì	mˠ	consonant	nasal	bilabial	voiced	velarized
644	ml	mˡ	consonant	nasal	bilabial	voiced	lateral
645	m³	mˤ	consonant	nasal	bilabial	voiced	pharyngealized
646	mH	mʰ	consonant	nasal	bilabial	voiced	aspirated
647	mW	mʷ	consonant	nasal	bilabial	voiced	labialized
648	m'	mʼ	consonant	nasal	bilabial	voiced	glottalized
649	m/	mʼ	consonant	nasal	bilabial	voiced	glottalized
650	m’	mʼ	consonant	nasal	bilabial	voiced	glottalized
651	mJ	mʲ	consonant	nasal	bilabial	voiced	palatalized
652	m%	m̏	consonant	nasal	bilabial	voiced	heavy
653	mæ	m̂	consonant	nasal	bilabial	voiced	lenis
654	m-	m̤	consonant	nasal	bilabial	breathy	plain
655	m8	m̥	consonant	nasal	bilabial	voiceless	plain
656	m8H	m̥ʰ	consonant	nasal	bilabial	voiceless	aspirated
657	m`	m̩	consonant	nasal	bilabial	voiced	syllabic
658	nnl	mnl	consonant	nasal	bilabial_to_alveolar	voiced	lateral
659	mƒN	m͡ŋ	consonant	nasal	bilabial_to_velar	voiced	plain
660	n5	n̪	consonant	nasal	dental	voiced	plain
661	n5:	n̪ː	consonant	nasal	dental	voiced_long	plain
662	n5h	n̪ʰ	consonant	nasal	dental	voiced	aspirated
663	n5'	n̪ʼ	consonant	nasal	dental	voiced	glottalized
664	n5’	n̪ʼ	consonant	nasal	dental	voiced	glottalized
665	n5j	n̪ʲ	consonant	nasal	dental	voiced	palatalized
666	Nƒm	ŋ͡m	consonant	nasal	labiovelar	voiced	plain
667	Nm	ŋ͡m	consonant	nasal	labiovelar	voiced	plain
668	Nƒmj	ŋ͡mʲ	consonant	nasal	labiovelar	voiced	palatalized
669	Nmj	ŋ͡mʲ	consonant	nasal	labiovelar	voiced	palatalized
670	n6	n̻	consonant	nasal	laminal_alveolar	voiced	plain
671	ø	ɲ	consonant	nasal	palatal	voiced	plain
672	ø:	ɲː	consonant	nasal	palatal	voiced_long	plain
673	øç	ɲɥ	consonant	nasal	palatal	voiced	labiopalatalized
674	øH	ɲʰ	consonant	nasal	palatal	voiced	aspirated
675	ø8	ɲ̥	consonant	nasal	palatal	voiceless	plain
676	ø¥	ɲ̥	consonant	nasal	palatal	voiceless	plain
677	ø8H	ɲ̥ʰ	consonant	nasal	palatal	voiceless	aspirated
678	mø	ɲ	consonant	nasal	palatal	voiced	labial_prenasalized
679	øƒn5	ɲ͡n̪	consonant	nasal	palatal_to_dental	voiced	plain
680	øƒN	ɲ͡ŋ	consonant	nasal	palatal_to_velar	voiced	plain
681	øƒNw	ɲ͡ŋw	consonant	nasal	palatal_to_velar	voiced	labialized
682	N?	N?	consonant	nasal	placeless	voiced	plain
683	N1	N̩	consonant	nasal	placeless	voiced	syllabic
684	n2	n̞	consonant	nasal	retracted_alveolar	voiced	plain
685	÷	ɳ	consonant	nasal	retroflex	voiced	plain
686	÷w	ɳʷ	consonant	nasal	retroflex	voiced	labialized
687	²	ɴ	consonant	nasal	uvular	voiced	plain
688	²'	ɴʼ	consonant	nasal	uvular	voiced	glottalized
689	²’	ɴʼ	consonant	nasal	uvular	voiced	glottalized
690	N	ŋ	consonant	nasal	velar	voiced	plain
691	N:	ŋː	consonant	nasal	velar	voiced_long	plain
692	NN	ŋː	consonant	nasal	velar	voiced_long	plain
693	NH	ŋʰ	consonant	nasal	velar	voiced	aspirated
694	NW	ŋʷ	consonant	nasal	velar	voiced	labialized
695	N'	ŋʼ	consonant	nasal	velar	voiced	glottalized
696	N/	ŋʼ	consonant	nasal	velar	voiced	glottalized
697	N’	ŋʼ	consonant	nasal	velar	voiced	glottalized
698	N8	ŋ̥	consonant	nasal	velar	voiceless	plain
699	N8H	ŋ̥ʰ	consonant	nasal	velar	voiceless	aspirated
700	Bm	βm	consonant	nasal_spirant	bilabial	voiced	plain
701	mB	mβ	consonant	nasal_spirant	bilabial	voiced	plain
702	Dn	ðn	consonant	nasal_spirant	interdental	voiceless	plain
703	nd	ⁿd	consonant	stop	alveolar	voiced	prenasalized
704	ndW	ⁿdʷ	consonant	stop	alveolar	voiced	labialized_prenasalized
705	ndJ	ⁿdʲ	consonant	stop	alveolar	voiced	palatalized_prenasalized
706	nt	ⁿt	consonant	stop	alveolar	voiceless	prenasalized
707	nth	ⁿtʰ	consonant	stop	alveolar	voiceless	aspirated_prenasalized
708	ntH	ⁿtʰ	consonant	stop	alveolar	voiceless	aspirated_prenasalized
709	N&	ŋtw	consonant	stop	alveolar	voiceless	labialized_velar_prenasalized
710	d	d	consonant	stop	alveolar	voiced	plain
711	dÄ	dˠ	consonant	stop	alveolar	voiced	velarized
712	dÖ	dˤ	consonant	stop	alveolar	voiced	pharyngealized
713	d³	dˤ	consonant	stop	alveolar	voiced	pharyngealized
714	d³?	dˤ	consonant	stop	alveolar	voiced	pharyngealized
715	dH	dʰ	consonant	stop	alveolar	voiced	aspirated
716	dh	dʰ	consonant	stop	alveolar	voiced	aspirated
717	dW	dʷ	consonant	stop	alveolar	voiced	labialized
718	dj	dʲ	consonant	stop	alveolar	voiced	palatalized
719	dJ	dʲ	consonant	stop	alveolar	voiced	palatalized
720	dy	dʲ	consonant	stop	alveolar	voiced	palatalized
721	d%	d̏	consonant	stop	alveolar	voiced	heavy
722	dæ	d̂	consonant	stop	alveolar	voiced	lenis
723	d8	d̥	consonant	stop	alveolar	devoiced	plain
724	d$	d̀	consonant	stop	alveolar	voiced	tense
725	/d	ʔd	consonant	stop	alveolar	voiced	preglottalized
726	‘d	ʔd	consonant	stop	alveolar	voiced	preglottalized
727	‘t	ʔt	consonant	stop	alveolar	voiceless	preglottalized
728	md	d	consonant	stop	alveolar	voiced	labial_prenasalized
729	mt	t	consonant	stop	alveolar	voiceless	labial_prenasalized
730	nd8	nd̥	consonant	stop	alveolar	devoiced	prenasalized
731	t	t	consonant	stop	alveolar	voiceless	plain
732	tn	tⁿ	consonant	stop	alveolar	voiceless	postnasalized
733	tt	tː	consonant	stop	alveolar	voiceless_long	plain
734	tÄ	tˠ	consonant	stop	alveolar	voiceless	velarized
735	tú	tɦ	consonant	stop	alveolar	voiceless	voiced_aspirated
736	tÖ	tˤ	consonant	stop	alveolar	voiceless	pharyngealized
737	t³	tˤ	consonant	stop	alveolar	voiceless	pharyngealized
738	tH	tʰ	consonant	stop	alveolar	voiceless	aspirated
739	tHW	tʰʷ	consonant	stop	alveolar	voiceless	aspirated_labialized
740	tW	tʷ	consonant	stop	alveolar	voiceless	labialized
741	tJ	tʲ	consonant	stop	alveolar	voiceless	palatalized
742	tjh	tʲʰ	consonant	stop	alveolar	voiceless	aspirated_palatalized
743	tj'	tʲʼ	consonant	stop	alveolar	voiceless	glottalized_palatalized
744	tj’	tʲʼ	consonant	stop	alveolar	voiceless	glottalized_palatalized
745	tæ	t̂	consonant	stop	alveolar	voiceless	lenis
746	t$	t̀	consonant	stop	alveolar	voiceless	tense
747	tr	tr	consonant	stop	alveolar	voiceless	rhotic
748	b	b	consonant	stop	bilabial	voiced	plain
749	b+	b*	consonant	stop	bilabial	voiced	lax
750	b:	bː	consonant	stop	bilabial	voiced_long	plain
751	bl	bˡ	consonant	stop	bilabial	voiced	lateral
752	b³	bˤ	consonant	stop	bilabial	voiced	pharyngealized
753	bH	bʰ	consonant	stop	bilabial	voiced	aspirated
754	bh	bʰ	consonant	stop	bilabial	voiced	aspirated
755	bW	bʷ	consonant	stop	bilabial	voiced	labialized
756	b'	bʼ	consonant	stop	bilabial	voiced	glottalized
757	b’	bʼ	consonant	stop	bilabial	voiced	glottalized
758	bJ	bʲ	consonant	stop	bilabial	voiced	palatalized
759	bj	bʲ	consonant	stop	bilabial	voiced	palatalized
760	by	bʲ	consonant	stop	bilabial	voiced	palatalized
761	b%	b̏	consonant	stop	bilabial	voiced	heavy
762	bæ	b̂	consonant	stop	bilabial	voiced	lenis
763	b8	b̥	consonant	stop	bilabial	devoiced	plain
764	b$	b̀	consonant	stop	bilabial	voiced	tense
765	/b	ʔb	consonant	stop	bilabial	voiced	preglottalized
766	‘b	ʔb	consonant	stop	bilabial	voiced	preglottalized
767	‘p	ʔp	consonant	stop	bilabial	voiceless	preglottalized
768	Nb	b	consonant	stop	bilabial	voiced	velar_prenasalized
769	mb	b	consonant	stop	bilabial	voiced	prenasalized
770	mbW	bʷ	consonant	stop	bilabial	voiced	labialized_prenasalized
771	mbJ	bʲ	consonant	stop	bilabial	voiced	palatalized_prenasalized
772	mp	p	consonant	stop	bilabial	voiceless	prenasalized
773	mph	pʰ	consonant	stop	bilabial	voiceless	aspirated_prenasalized
774	mpH	pʰ	consonant	stop	bilabial	voiceless	aspirated_prenasalized
775	mp'	pʼ	consonant	stop	bilabial	voiceless	glottalized_prenasalized
776	mp’	pʼ	consonant	stop	bilabial	voiceless	glottalized_prenasalized
777	mb8	mb̥	consonant	stop	bilabial	devoiced	prenasalized
778	p	p	consonant	stop	bilabial	voiceless	plain
779	p+	p*	consonant	stop	bilabial	voiceless	lax
780	p:	pː	consonant	stop	bilabial	voiceless_long	plain
781	pp	pː	consonant	stop	bilabial	voiceless_long	plain
782	pì	pˠ	consonant	stop	bilabial	voiceless	velarized
783	pl	pˡ	consonant	stop	bilabial	voiceless	lateral
784	pú	pɦ	consonant	stop	bilabial	voiceless	voiced_aspirated
785	pÖ	pˤ	consonant	stop	bilabial	voiceless	pharyngealized
786	p³	pˤ	consonant	stop	bilabial	voiceless	pharyngealized
787	pH	pʰ	consonant	stop	bilabial	voiceless	aspirated
788	phw	pʰʷ	consonant	stop	bilabial	voiceless	aspirated_labialized
789	pHW	pʰʷ	consonant	stop	bilabial	voiceless	aspirated_labialized
790	pW	pʷ	consonant	stop	bilabial	voiceless	labialized
791	pw'	pʷʼ	consonant	stop	bilabial	voiceless	glottalized_labialized
792	pw’	pʷʼ	consonant	stop	bilabial	voiceless	glottalized_labialized
793	pJ	pʲ	consonant	stop	bilabial	voiceless	palatalized
794	pJH	pʲʰ	consonant	stop	bilabial	voiceless	aspirated_palatalized
795	pm	p	consonant	stop	bilabial	voiceless	postnasalized
796	p$	p̀	consonant	stop	bilabial	voiceless	tense
797	bƒd	b͡d	consonant	stop	bilabial_to_alveolar	voiced	plain
798	pƒt	p͡t	consonant	stop	bilabial_to_alveolar	voiceless	plain
799	bƒg	b͡ɡ	consonant	stop	bilabial_to_velar	voiced	plain
800	pƒk	p͡k	consonant	stop	bilabial_to_velar	voiceless	plain
801	n5d5	ⁿd̪	consonant	stop	dental	voiced	prenasalized
802	nd5	ⁿd̪	consonant	stop	dental	voiced	prenasalized
803	d5	d̪	consonant	stop	dental	voiced	plain
804	d5:	d̪ː	consonant	stop	dental	voiced_long	plain
805	d5Ö	d̪ˤ	consonant	stop	dental	voiced	pharyngealized
806	d5³	d̪ˤ	consonant	stop	dental	voiced	pharyngealized
807	d5Ö:	d̪ˤː	consonant	stop	dental	voiced_long	pharyngealized
808	d5H	d̪ʰ	consonant	stop	dental	voiced	aspirated
809	d5j	d̪ʲ	consonant	stop	dental	voiced	palatalized
810	n5t5	n̪t̪	consonant	stop	dental	voiceless	prenasalized
811	t5	t̪	consonant	stop	dental	voiceless	plain
812	t5n5	t̪ⁿ	consonant	stop	dental	voiceless	postnasalized
813	t5:	t̪ː	consonant	stop	dental	voiceless_long	plain
814	t5Ö	t̪ˤ	consonant	stop	dental	voiceless	pharyngealized
815	t5³	t̪ˤ	consonant	stop	dental	voiceless	pharyngealized
816	t5Ö:	t̪ˤː	consonant	stop	dental	voiceless_long	pharyngealized
817	t5H	t̪ʰ	consonant	stop	dental	voiceless	aspirated
818	t5w	t̪ʷ	consonant	stop	dental	voiceless	labialized
819	t5j	t̪ʲ	consonant	stop	dental	voiceless	palatalized
820	t$5	t̪̀	consonant	stop	dental	voiceless	tense
821	t5$	t̪̀	consonant	stop	dental	voiceless	tense
822	t5ƒc	t̪͡c	consonant	stop	dental_to_palatal	voiceless	plain
823	t5ƒk	t̪͡k	consonant	stop	dental_to_velar	voiceless	plain
824	/	ʔ	consonant	stop	glottal	voiceless	plain
825	/³	ʔˤ	consonant	stop	glottal	voiceless	pharyngealized
826	/w	ʔʷ	consonant	stop	glottal	voiceless	labialized
827	gƒb	ɡ͡b	consonant	stop	labiovelar	voiced	plain
828	gƒbw	ɡ͡bʷ	consonant	stop	labiovelar	voiced	labialized
829	gƒbj	ɡ͡bʲ	consonant	stop	labiovelar	voiced	palatalized
830	gƒp	ɡ͡p	consonant	stop	labiovelar	voiced_to_voiceless	plain
831	gæƒbæ	ɡ̂͡b̂	consonant	stop	labiovelar	voiced	lenis
832	Ngƒb	ɡ͡b	consonant	stop	labiovelar	voiced	velar_prenasalized
833	Nƒmgƒb	ɡ͡b	consonant	stop	labiovelar	voiced	prenasalized
834	Nmgƒb	ɡ͡b	consonant	stop	labiovelar	voiced	prenasalized
835	mgƒb	ɡ͡b	consonant	stop	labiovelar	voiced	labial_prenasalized
836	mkƒp	k͡p	consonant	stop	labiovelar	voiceless	labial_prenasalized
837	kƒp	k͡p	consonant	stop	labiovelar	voiceless	plain
838	kp	k͡p	consonant	stop	labiovelar	voiceless	plain
839	kƒpw	k͡pʷ	consonant	stop	labiovelar	voiceless	labialized
840	kƒpj	k͡pʲ	consonant	stop	labiovelar	voiceless	palatalized
841	kæƒpæ	k̂͡p̂	consonant	stop	labiovelar	voiceless	lenis
842	pƒkh	p͡kʰ	consonant	stop	labiovelar	voiceless	aspirated
843	d6	d̻	consonant	stop	laminal_alveolar	voiced	plain
844	ndl	ⁿdl	consonant	stop	lateral	voiced	prenasalized
845	ndl'	ⁿdlʼ	consonant	stop	lateral	voiced	glottalized_prenasalized
846	ndl’	ⁿdlʼ	consonant	stop	lateral	voiced	glottalized_prenasalized
847	dl	dl	consonant	stop	lateral	voiced	plain
848	tl	tl	consonant	stop	lateral	voiceless	plain
849	tlh	tlʰ	consonant	stop	lateral	voiceless	aspirated
850	tl'	tlʼ	consonant	stop	lateral	voiceless	glottalized
851	tl’	tlʼ	consonant	stop	lateral	voiceless	glottalized
852	øc	ⁿc	consonant	stop	palatal	voiceless	prenasalized
853	nc	ⁿc	consonant	stop	palatal	voiceless	prenasalized
854	øï	ⁿɟ	consonant	stop	palatal	voiced	prenasalized
855	nï	ⁿɟ	consonant	stop	palatal	voiced	prenasalized
856	c	c	consonant	stop	palatal	voiceless	plain
857	c³	cˤ	consonant	stop	palatal	voiceless	pharyngealized
858	cH	cʰ	consonant	stop	palatal	voiceless	aspirated
859	cw	cʷ	consonant	stop	palatal	voiceless	labialized
860	cø	c	consonant	stop	palatal	voiceless	postnasalized
861	ï	ɟ	consonant	stop	palatal	voiced	plain
862	ïh	ɟʰ	consonant	stop	palatal	voiced	aspirated
863	ïw	ɟʷ	consonant	stop	palatal	voiced	labialized
864	ï*	ɟ̥	consonant	stop	palatal	devoiced	plain
865	Nc	c	consonant	stop	palatal	voiceless	velar_prenasalized
866	÷ê	ⁿɖ	consonant	stop	retroflex	voiced	prenasalized
867	ê	ɖ	consonant	stop	retroflex	voiced	plain
868	ÿ	ʈ	consonant	stop	retroflex	voiceless	plain
869	ÿ÷	ʈⁿ	consonant	stop	retroflex	voiceless	postnasalized
870	ÿH	ʈʰ	consonant	stop	retroflex	voiceless	aspirated
871	ÿh	ʈʰ	consonant	stop	retroflex	voiceless	aspirated
872	ÿ}	ʈɽ	consonant	stop	retroflex	voiceless	rhotic
873	ÿj	ʈʲ	consonant	stop	retroflex	voiceless	palatalized
874	ÿjh	ʈʲʰ	consonant	stop	retroflex	voiceless	aspirated_palatalized
875	÷ê}	ɳɖɽ	consonant	stop	retroflex	voiced	prenasalized_rhotic
876	êH	ɖʰ	consonant	stop	retroflex	voiced	aspirated
877	êh	ɖʰ	consonant	stop	retroflex	voiced	aspirated
878	ê}	ɖɽ	consonant	stop	retroflex	voiced	rhotic
879	êj	ɖʲ	consonant	stop	retroflex	voiced	palatalized
880	G	ɢ	consonant	stop	uvular	voiced	plain
881	G³	ɢˤ	consonant	stop	uvular	voiced	pharyngealized
882	q	q	consonant	stop	uvular	voiceless	plain
883	q:	qː	consonant	stop	uvular	voiceless_long	plain
884	q³	qˤ	consonant	stop	uvular	voiceless	pharyngealized
885	q³w	qˤʷ	consonant	stop	uvular	voiceless	pharyngealized_labialized
886	q³'	qˤʼ	consonant	stop	uvular	voiceless	pharyngealized_glottalized
887	q³’	qˤʼ	consonant	stop	uvular	voiceless	pharyngealized_glottalized
888	qH	qʰ	consonant	stop	uvular	voiceless	aspirated
889	qhw	qʰʷ	consonant	stop	uvular	voiceless	aspirated_labialized
890	qw	qʷ	consonant	stop	uvular	voiceless	labialized
891	qw:	qʷː	consonant	stop	uvular	voiceless_long	labialized
892	qw'	qʷʼ	consonant	stop	uvular	voiceless	glottalized_labialized
893	qw’	qʷʼ	consonant	stop	uvular	voiceless	glottalized_labialized
894	qj	qʲ	consonant	stop	uvular	voiceless	palatalized
895	ngW	ⁿɡʷ	consonant	stop	velar	voiced	labialized_prenasalized
896	nk	ⁿk	consonant	stop	velar	voiced	alveolar_prenasalized
897	Ng*	ŋɡ̥	consonant	stop	velar	devoiced	prenasalized
898	g	ɡ	consonant	stop	velar	voiced	plain
899	g:	ɡː	consonant	stop	velar	voiced_long	plain
900	g³	ɡˤ	consonant	stop	velar	voiced	pharyngealized
901	gH	ɡʰ	consonant	stop	velar	voiced	aspirated
902	gW	ɡʷ	consonant	stop	velar	voiced	labialized
903	gw:	ɡʷː	consonant	stop	velar	voiced_long	labialized
904	gJ	ɡʲ	consonant	stop	velar	voiced	palatalized
905	gæ	ɡ̂	consonant	stop	velar	voiced	lenis
906	g*	ɡ̥	consonant	stop	velar	devoiced	plain
907	‘k	ʔk	consonant	stop	velar	voiceless	preglottalized
908	Nï	ɡ	consonant	stop	velar	voiced	prenasalized
909	Ng	ɡ	consonant	stop	velar	voiced	prenasalized
910	Ngw	ɡʷ	consonant	stop	velar	voiced	labialized_prenasalized
911	Nk	k	consonant	stop	velar	voiceless	prenasalized
912	NkH	kʰ	consonant	stop	velar	voiceless	aspirated_prenasalized
913	mg	ɡ	consonant	stop	velar	voiced	labial_prenasalized
914	k	k	consonant	stop	velar	voiceless	plain
915	k:	kː	consonant	stop	velar	voiceless_long	plain
916	kk	kː	consonant	stop	velar	voiceless_long	plain
917	k³	kˤ	consonant	stop	velar	voiceless	pharyngealized
918	kH	kʰ	consonant	stop	velar	voiceless	aspirated
919	kHW	kʰʷ	consonant	stop	velar	voiceless	aspirated_labialized
920	kWH	kʰʷ	consonant	stop	velar	voiceless	aspirated_labialized
921	kJH	kʰʲ	consonant	stop	velar	voiceless	aspirated_palatalized
922	kW	kʷ	consonant	stop	velar	voiceless	labialized
923	kw:	kʷː	consonant	stop	velar	voiceless_long	labialized
924	kwú	kʷɦ	consonant	stop	velar	voiceless	labialized_voiced_aspirated
925	kw'	kʷʼ	consonant	stop	velar	voiceless	glottalized_labialized
926	kw’	kʷʼ	consonant	stop	velar	voiceless	glottalized_labialized
927	kJ	kʲ	consonant	stop	velar	voiceless	palatalized
928	kæ	k̂	consonant	stop	velar	voiceless	lenis
929	kN	k	consonant	stop	velar	voiceless	postnasalized
930	k$	k̀	consonant	stop	velar	voiceless	tense
931	k$w	k̀ʷ	consonant	stop	velar	voiceless	labialized_tense
932	kl'	klʼ	consonant	stop	velar	voiceless	glottalized_lateral
933	kl’	klʼ	consonant	stop	velar	voiceless	glottalized_lateral
934	bƒdz	b͡dz	consonant	stop_to_affricate	bilabial_to_alveolar	voiced	plain
935	pƒts	p͡ts	consonant	stop_to_affricate	bilabial_to_alveolar	voiceless	plain
936	bƒdZ	b͡dʒ	consonant	stop_to_affricate	bilabial_to_postalveolar	voiced	plain
937	bƒtS	b͡tʃ	consonant	stop_to_affricate	bilabial_to_postalveolar	voiced_to_voiceless	plain
938	bƒë	b͡ɗ	consonant	stop_to_implosive	bilabial_to_alveolar	voiced	plain
939	gƒº	ɡ͡ɓ	consonant	stop_to_implosive	labiovelar	voiced	plain
940	r+	r̟	consonant	trill	advanced_alveolar	voiced	plain
941	r+j	r̟ʲ	consonant	trill	advanced_alveolar	voiced	palatalized
942	r+J	r̟ʲ	consonant	trill	advanced_alveolar	voiced	palatalized
943	nr	ⁿr	consonant	trill	alveolar	voiced	prenasalized
944	r	r	consonant	trill	alveolar	voiced	plain
945	r:	rː	consonant	trill	alveolar	voiced_long	plain
946	rr	rː	consonant	trill	alveolar	voiced_long	plain
947	rÖ	rˤ	consonant	trill	alveolar	voiced	pharyngealized
948	rÖ:	rˤː	consonant	trill	alveolar	voiced_long	pharyngealized
949	rH	rʰ	consonant	trill	alveolar	voiced	aspirated
950	rW	rʷ	consonant	trill	alveolar	voiced	labialized
951	r'	rʼ	consonant	trill	alveolar	voiced	glottalized
952	r’	rʼ	consonant	trill	alveolar	voiced	glottalized
953	rJ	rʲ	consonant	trill	alveolar	voiced	palatalized
954	r8	r̥	consonant	trill	alveolar	voiceless	plain
955	r¥	r̥	consonant	trill	alveolar	voiceless	plain
956	r8H	r̥ʰ	consonant	trill	alveolar	voiceless	aspirated
957	r)	r̃	consonant	trill	alveolar	voiced	nasalized
958	r&	ř	consonant	trill	alveolar	voiced	strident
959	r5	r̪	consonant	trill	dental	voiced	plain
960	r5j	r̪ʲ	consonant	trill	dental	voiced	palatalized
961	v&	v̌	consonant	trill	labiodental	voiced	plain
962	{	ʀ	consonant	trill	uvular	voiced	plain
963	{'	ʀʼ	consonant	trill	uvular	voiced	glottalized
964	{’	ʀʼ	consonant	trill	uvular	voiced	glottalized
965	rƒÄw	r͡ɣw	consonant	trill_to_affricate	alveolar_to_velar	voiced	labialized
966	je	je	vowel	glide_to_higher_mid	palatal_to_front_unrounded	plain	plain
967	je:	jeː	vowel	glide_to_higher_mid	palatal_to_front_unrounded	plain	long
968	je)	jẽ	vowel	glide_to_higher_mid	palatal_to_front_unrounded	nasalized	plain
969	¬+:	ʉ̟ː	vowel	high	advanced_central_rounded	plain	long
970	i+	i̟	vowel	high	advanced_front_unrounded	plain	plain
971	u	u	vowel	high	back_rounded	plain	plain
972	u:	uː	vowel	high	back_rounded	plain	long
973	uu	uː	vowel	high	back_rounded	plain	long
974	u/	uʔ	vowel	high	back_rounded	glottalized	plain
975	u/u	uʔu	vowel	high	back_rounded	interrupted	plain
976	u³	uˤ	vowel	high	back_rounded	pharyngealized	plain
977	u³/	uˤʔ	vowel	high	back_rounded	pharyngealized_glottalized	plain
978	u::	uːː	vowel	high	back_rounded	plain	extra_long
979	u-	ṳ	vowel	high	back_rounded	plain	breathy
980	uÐ	ṳ	vowel	high	back_rounded	plain	breathy
981	u-u-	ṳː	vowel	high	back_rounded	plain	breathy_long
982	uÐ/	ṳʔ	vowel	high	back_rounded	glottalized	breathy
983	uÐ³	ṳˤ	vowel	high	back_rounded	pharyngealized	breathy
984	uÐ)³	ṳ̃ˤ	vowel	high	back_rounded	pharyngealized_nasalized	breathy
985	u8	u̥	vowel	high	back_rounded	plain	voiceless
986	u¼	ṵ	vowel	high	back_rounded	plain	creaky
987	u¼:	ṵː	vowel	high	back_rounded	plain	creaky_long
988	u)	ũ	vowel	high	back_rounded	nasalized	plain
989	u):	ũː	vowel	high	back_rounded	nasalized	long
990	u)/	ũʔ	vowel	high	back_rounded	glottalized_nasalized	plain
991	u)/u)	ũʔũ	vowel	high	back_rounded	interrupted_nasalized	plain
992	u)³	ũˤ	vowel	high	back_rounded	pharyngealized_nasalized	plain
993	u2	u̞	vowel	high	back_rounded	RTR	plain
994	ui	ui	vowel	high	back_rounded_to_front_unrounded	plain	plain
995	µ	ɯ	vowel	high	back_unrounded	plain	plain
996	µ:	ɯː	vowel	high	back_unrounded	plain	long
997	µµ	ɯː	vowel	high	back_unrounded	plain	long
998	µ)	ɯ̃	vowel	high	back_unrounded	nasalized	plain
999	¬	ʉ	vowel	high	central_rounded	plain	plain
1000	¬)N	ʉ̃ⁿ	vowel	high	central_rounded	postnasalized	plain
1001	ö	ɨ	vowel	high	central_unrounded	plain	plain
1002	ö:	ɨː	vowel	high	central_unrounded	plain	long
1003	öö	ɨː	vowel	high	central_unrounded	plain	long
1004	ö/ö	ɨʔɨ	vowel	high	central_unrounded	interrupted	plain
1005	ö::	ɨːː	vowel	high	central_unrounded	plain	extra_long
1006	öÕ	ɨ˞	vowel	high	central_unrounded	retroflex	plain
1007	®)	ɨ̃	vowel	high	central_unrounded	nasalized	plain
1008	ö)	ɨ̃	vowel	high	central_unrounded	nasalized	plain
1009	ö):	ɨ̃ː	vowel	high	central_unrounded	nasalized	long
1010	®)/®)	ɨ̃ʔɨ̃	vowel	high	central_unrounded	interrupted_nasalized	plain
1011	ö)/ö)	ɨ̃ʔɨ̃	vowel	high	central_unrounded	interrupted_nasalized	plain
1012	y	y	vowel	high	front_rounded	plain	plain
1013	y:	yː	vowel	high	front_rounded	plain	long
1014	y)	ỹ	vowel	high	front_rounded	nasalized	plain
1015	yi	yi	vowel	high	front_rounded_to_unrounded	plain	plain
1016	i	i	vowel	high	front_unrounded	plain	plain
1017	i:	iː	vowel	high	front_unrounded	plain	long
1018	ii	iː	vowel	high	front_unrounded	plain	long
1019	i/	iʔ	vowel	high	front_unrounded	glottalized	plain
1020	i/i	iʔi	vowel	high	front_unrounded	interrupted	plain
1021	i³	iˤ	vowel	high	front_unrounded	pharyngealized	plain
1022	i::	iːː	vowel	high	front_unrounded	plain	extra_long
1023	i-	i̤	vowel	high	front_unrounded	plain	breathy
1024	iÐ	i̤	vowel	high	front_unrounded	plain	breathy
1025	i-i-	i̤ː	vowel	high	front_unrounded	plain	breathy_long
1026	i8	i̥	vowel	high	front_unrounded	plain	voiceless
1027	i¥	i̥	vowel	high	front_unrounded	plain	voiceless
1028	i¼	ḭ	vowel	high	front_unrounded	plain	creaky
1029	i¼:	ḭː	vowel	high	front_unrounded	plain	creaky_long
1030	i)	ĩ	vowel	high	front_unrounded	nasalized	plain
1031	i):	ĩː	vowel	high	front_unrounded	nasalized	long
1032	i)/	ĩʔ	vowel	high	front_unrounded	glottalized_nasalized	plain
1033	i)/i)	ĩʔĩ	vowel	high	front_unrounded	interrupted_nasalized	plain
1034	i°	i̺	vowel	high	front_unrounded	apical	plain
1035	i2	i̞	vowel	high	front_unrounded	RTR	plain
1036	u9o	u̯o	vowel	high_glide_to_higher_mid	back_rounded	plain	plain
1037	i9e	i̯e	vowel	high_glide_to_higher_mid	front_unrounded	plain	plain
1038	i9o	i̯o	vowel	high_glide_to_higher_mid	front_unrounded_to_back_rounded	plain	plain
1039	uw	uw	vowel	high_to_glide	back_rounded_to_labiovelar	plain	plain
1040	uj	uj	vowel	high_to_glide	back_unrounded_to_palatal	plain	plain
1041	ij	ij	vowel	high_to_glide	front_unrounded_to_palatal	plain	plain
1042	u-o-	ṳo̤	vowel	high_to_higher_mid	back_rounded	plain	breathy
1043	uo	uo	vowel	high_to_higher_mid	back_rounded	plain	plain
1044	ie	ie	vowel	high_to_higher_mid	front_unrounded	plain	plain
1045	i-e-	i̤e̤	vowel	high_to_higher_mid	front_unrounded	plain	breathy
1046	ua	ua	vowel	high_to_low	back_rounded_to_central_unrounded	plain	plain
1047	ia	ia	vowel	high_to_low	front_unrounded_to_central	plain	plain
1048	u	uɔ	vowel	high_to_lower_mid	back_rounded	plain	plain
1049	iE	iɛ	vowel	high_to_lower_mid	front_unrounded	plain	plain
1050	u«	uə	vowel	high_to_mid	back_rounded_to_central_unrounded	plain	plain
1051	µ«	ɯə	vowel	high_to_mid	back_unrounded_to_central	plain	plain
1052	i«	iə	vowel	high_to_mid	front_unrounded_to_central	plain	plain
1053	Œ	ɐ	vowel	higher_low	central_unrounded	plain	plain
1054	Œ:	ɐː	vowel	higher_low	central_unrounded	plain	long
1055	Q	æ	vowel	higher_low	front_unrounded	plain	plain
1056	Q:	æː	vowel	higher_low	front_unrounded	plain	long
1057	QQ	æː	vowel	higher_low	front_unrounded	plain	long
1058	Q)	æ̃	vowel	higher_low	front_unrounded	nasalized	plain
1059	o	o	vowel	higher_mid	back_rounded	plain	plain
1060	o:	oː	vowel	higher_mid	back_rounded	plain	long
1061	oo	oː	vowel	higher_mid	back_rounded	plain	long
1062	o/	oʔ	vowel	higher_mid	back_rounded	glottalized	plain
1063	o/o	oʔo	vowel	higher_mid	back_rounded	interrupted	plain
1064	o³	oˤ	vowel	higher_mid	back_rounded	pharyngealized	plain
1065	o::	oːː	vowel	higher_mid	back_rounded	plain	extra_long
1066	o-	o̤	vowel	higher_mid	back_rounded	plain	breathy
1067	oÐ	o̤	vowel	higher_mid	back_rounded	plain	breathy
1068	o-o-	o̤ː	vowel	higher_mid	back_rounded	plain	breathy_long
1069	oÐ/	o̤ʔ	vowel	higher_mid	back_rounded	glottalized	breathy
1070	oÐ³	o̤ˤ	vowel	higher_mid	back_rounded	pharyngealized	breathy
1071	oÐ)	õ̤	vowel	higher_mid	back_rounded	nasalized	breathy
1072	o)Ð/	õ̤ʔ	vowel	higher_mid	back_rounded	glottalized_nasalized	breathy
1073	oÐ)³	õ̤ˤ	vowel	higher_mid	back_rounded	pharyngealized_nasalized	breathy
1074	o8	o̥	vowel	higher_mid	back_rounded	plain	voiceless
1075	o(	ŏ	vowel	higher_mid	back_rounded	plain	extra_short
1076	õ	õ	vowel	higher_mid	back_rounded	nasalized	plain
1077	o)	õ	vowel	higher_mid	back_rounded	nasalized	plain
1078	o)N	õⁿ	vowel	higher_mid	back_rounded	postnasalized	plain
1079	o):	õː	vowel	higher_mid	back_rounded	nasalized	long
1080	o)/	õʔ	vowel	higher_mid	back_rounded	interrupted_nasalized	plain
1081	o)³	õˤ	vowel	higher_mid	back_rounded	pharyngealized_nasalized	plain
1082	o2	o̞	vowel	higher_mid	back_rounded	RTR	plain
1083	o*	omf	vowel	higher_mid	back_rounded	muffled	plain
1084	F	ɤ	vowel	higher_mid	back_unrounded	plain	plain
1085	F:	ɤː	vowel	higher_mid	back_unrounded	plain	long
1086	FF	ɤː	vowel	higher_mid	back_unrounded	plain	long
1087	P	ɵ	vowel	higher_mid	central_rounded	plain	plain
1088	O	ø	vowel	higher_mid	front_rounded	plain	plain
1089	O:	øː	vowel	higher_mid	front_rounded	plain	long
1090	O(	ø̆	vowel	higher_mid	front_rounded	plain	extra_short
1091	e	e	vowel	higher_mid	front_unrounded	plain	plain
1092	Q~e	e	vowel	higher_mid	front_unrounded	plain	plain
1093	e:	eː	vowel	higher_mid	front_unrounded	plain	long
1094	ee	eː	vowel	higher_mid	front_unrounded	plain	long
1095	e/	eʔ	vowel	higher_mid	front_unrounded	glottalized	plain
1096	e/e	eʔe	vowel	higher_mid	front_unrounded	interrupted	plain
1097	e³	eˤ	vowel	higher_mid	front_unrounded	pharyngealized	plain
1098	e::	eːː	vowel	higher_mid	front_unrounded	plain	extra_long
1099	e-	e̤	vowel	higher_mid	front_unrounded	plain	breathy
1100	eÐ	e̤	vowel	higher_mid	front_unrounded	plain	breathy
1101	e-e-	e̤ː	vowel	higher_mid	front_unrounded	plain	breathy_long
1102	e)Ð	ẽ̤	vowel	higher_mid	front_unrounded	nasalized	breathy
1103	e8	e̥	vowel	higher_mid	front_unrounded	plain	voiceless
1104	e)	ẽ	vowel	higher_mid	front_unrounded	nasalized	plain
1105	e)N	ẽⁿ	vowel	higher_mid	front_unrounded	postnasalized	plain
1106	e):	ẽː	vowel	higher_mid	front_unrounded	nasalized	long
1107	e)/e)	ẽʔẽ	vowel	higher_mid	front_unrounded	interrupted_nasalized	plain
1108	e2	e̞	vowel	higher_mid	front_unrounded	RTR	plain
1109	e*	emf	vowel	higher_mid	front_unrounded	muffled	plain
1110	o9u	o̯u	vowel	higher_mid_glide_to_high	back_rounded	plain	plain
1111	e9o	e̯o	vowel	higher_mid_glide_to_higher_mid	front_unrounded_to_back_rounded	plain	plain
1112	o9a	o̯a	vowel	higher_mid_glide_to_low	back_rounded_to_central_unrounded	plain	plain
1113	e9a	e̯a	vowel	higher_mid_glide_to_low	front_unrounded_to_central	plain	plain
1114	oj	oj	vowel	higher_mid_to_glide	back_rounded_to_palatal	plain	plain
1115	ej	ej	vowel	higher_mid_to_glide	front_unrounded_to_palatal	plain	plain
1116	ou	ou	vowel	higher_mid_to_high	back_rounded	plain	plain
1117	oi	oi	vowel	higher_mid_to_high	back_rounded_to_front	plain	plain
1118	ei	ei	vowel	higher_mid_to_high	front_unrounded	plain	plain
1119	eu	eu	vowel	higher_mid_to_high	front_unrounded_to_back_rounded	plain	plain
1120	oU	oʊ	vowel	higher_mid_to_lower_high	back_rounded	plain	plain
1121	eI	eɪ	vowel	higher_mid_to_lower_high	front_unrounded	plain	plain
1122	o«	oə	vowel	higher_mid_to_mid	back_rounded_to_central_unrounded	plain	plain
1123	O«	øə	vowel	higher_mid_to_mid	front_rounded_to_central_unrounded	plain	plain
1124	e«	eə	vowel	higher_mid_to_mid	front_unrounded_to_central	plain	plain
1125	a+	a+	vowel	low	advanced_central_unrounded	plain	plain
1126		ɒ	vowel	low	back_rounded	plain	plain
1127		ɒː	vowel	low	back_rounded	plain	long
1128	A	ɑ	vowel	low	back_unrounded	plain	plain
1129	A:	ɑː	vowel	low	back_unrounded	plain	long
1130	AA	ɑː	vowel	low	back_unrounded	plain	long
1131	A)	ɑ̃	vowel	low	back_unrounded	nasalized	plain
1132	a	a	vowel	low	central_unrounded	plain	plain
1133	a:	aː	vowel	low	central_unrounded	plain	long
1134	aa	aː	vowel	low	central_unrounded	plain	long
1135	a/	aʔ	vowel	low	central_unrounded	glottalized	plain
1136	a/a	aʔa	vowel	low	central_unrounded	interrupted	plain
1137	a³	aˤ	vowel	low	central_unrounded	pharyngealized	plain
1138	a³/	aˤʔ	vowel	low	central_unrounded	pharyngealized_glottalized	plain
1139	a::	aːː	vowel	low	central_unrounded	plain	extra_long
1140	a1	a̠	vowel	low	central_unrounded	ATR	plain
1141	aÐ	a̤	vowel	low	central_unrounded	plain	breathy
1142	aÐ/	a̤ʔ	vowel	low	central_unrounded	glottalized	breathy
1143	aÐ³	a̤ˤ	vowel	low	central_unrounded	pharyngealized	breathy
1144	aÐ)	ã̤	vowel	low	central_unrounded	nasalized	breathy
1145	a)Ð/	ã̤ʔ	vowel	low	central_unrounded	glottalized_nasalized	breathy
1146	aÐ)³	ã̤ˤ	vowel	low	central_unrounded	pharyngealized_nasalized	breathy
1147	a8	ḁ	vowel	low	central_unrounded	plain	voiceless
1148	a¼	a̰	vowel	low	central_unrounded	plain	creaky
1149	a¼:	a̰ː	vowel	low	central_unrounded	plain	creaky_long
1150	a(	ă	vowel	low	central_unrounded	plain	extra_short
1151	a)	ã	vowel	low	central_unrounded	nasalized	plain
1152	ã	ã	vowel	low	central_unrounded	nasalized	plain
1153	a)N	ãⁿ	vowel	low	central_unrounded	postnasalized	plain
1154	a):	ãː	vowel	low	central_unrounded	nasalized	long
1155	a)/	ãʔ	vowel	low	central_unrounded	glottalized_nasalized	plain
1156	ã/	ãʔ	vowel	low	central_unrounded	glottalized_nasalized	plain
1157	a)/a)	ãʔã	vowel	low	central_unrounded	interrupted_nasalized	plain
1158	a)³	ãˤ	vowel	low	central_unrounded	pharyngealized_nasalized	plain
1159	aj	aj	vowel	low_to_glide	central_unrounded_to_palatal	plain	plain
1160	au	au	vowel	low_to_high	central_unrounded_to_back_rounded	plain	plain
1161	ai	ai	vowel	low_to_high	central_unrounded_to_front	plain	plain
1162	a¬	aʉ	vowel	low_to_high	central_unrounded_to_rounded	plain	plain
1163	ai9	ai̯	vowel	low_to_high_glide	central_unrounded_to_front	plain	plain
1164	ao	ao	vowel	low_to_higher_mid	central_unrounded_to_back_rounded	plain	plain
1165	aU	aʊ	vowel	low_to_lower_high	central_unrounded_to_back_rounded	plain	plain
1166	aI	aɪ	vowel	low_to_lower_high	central_unrounded_to_front	plain	plain
1167	U	ʊ	vowel	lower_high	back_rounded	plain	plain
1168	U:	ʊː	vowel	lower_high	back_rounded	plain	long
1169	UU	ʊː	vowel	lower_high	back_rounded	plain	long
1170	U1	ʊ̘	vowel	lower_high	back_rounded	ATR	plain
1171	U8	ʊ̥	vowel	lower_high	back_rounded	plain	voiceless
1172	U)	ʊ̃	vowel	lower_high	back_rounded	nasalized	plain
1173	U):	ʊ̃ː	vowel	lower_high	back_rounded	nasalized	long
1174	uÐ)	ṳ̃	vowel	lower_high	back_rounded	nasalized	breathy
1175	®	ɨ̞	vowel	lower_high	central_unrounded	plain	plain
1176	Y	ʏ	vowel	lower_high	front_rounded	plain	plain
1177	I	ɪ	vowel	lower_high	front_unrounded	plain	plain
1178	I:	ɪː	vowel	lower_high	front_unrounded	plain	long
1179	II	ɪː	vowel	lower_high	front_unrounded	plain	long
1180	I1	ɪ̘	vowel	lower_high	front_unrounded	ATR	plain
1181	I8	ɪ̥	vowel	lower_high	front_unrounded	plain	voiceless
1182	I¥	ɪ̥	vowel	lower_high	front_unrounded	plain	voiceless
1183	I)	ɪ̃	vowel	lower_high	front_unrounded	nasalized	plain
1184	I):	ɪ̃ː	vowel	lower_high	front_unrounded	nasalized	long
1185	UY9	ʊʏ̯	vowel	lower_high_to_high_glide	back_rounded_to_front_unrounded	plain	plain
1186	U	ʊɔ	vowel	lower_high_to_lower_mid	back_rounded	plain	plain
1187	IE	ɪɛ	vowel	lower_high_to_lower_mid	front_unrounded	plain	plain
1188		ɔ	vowel	lower_mid	back_rounded	plain	plain
1189	:	ɔː	vowel	lower_mid	back_rounded	plain	long
1190		ɔː	vowel	lower_mid	back_rounded	plain	long
1191	/	ɔʔ	vowel	lower_mid	back_rounded	glottalized	plain
1192	1	ɔ̘	vowel	lower_mid	back_rounded	ATR	plain
1193	8	ɔ̥	vowel	lower_mid	back_rounded	plain	voiceless
1194	)	ɔ̃	vowel	lower_mid	back_rounded	nasalized	plain
1195	):	ɔ̃ː	vowel	lower_mid	back_rounded	nasalized	long
1196	)/	ɔ̃ʔ	vowel	lower_mid	back_rounded	glottalized_nasalized	plain
1197	Ã	ʌ	vowel	lower_mid	back_unrounded	plain	plain
1198	Ã:	ʌː	vowel	lower_mid	back_unrounded	plain	long
1199	Ã-	ʌ̤	vowel	lower_mid	back_unrounded	plain	breathy
1200	Ã-Ã-	ʌ̤ː	vowel	lower_mid	back_unrounded	plain	breathy_long
1201	Ã(	ʌ̆	vowel	lower_mid	back_unrounded	plain	extra_short
1202	Ã)	ʌ̃	vowel	lower_mid	back_unrounded	nasalized	plain
1203	Ã):	ʌ̃ː	vowel	lower_mid	back_unrounded	nasalized	long
1204	Î	ɜ	vowel	lower_mid	central_unrounded	plain	plain
1205	Î:	ɜː	vowel	lower_mid	central_unrounded	plain	long
1206	¿	œ	vowel	lower_mid	front_rounded	plain	plain
1207	¿:	œː	vowel	lower_mid	front_rounded	plain	long
1208	¿)	œ̃	vowel	lower_mid	front_rounded	nasalized	plain
1209	E	ɛ	vowel	lower_mid	front_unrounded	plain	plain
1210	E:	ɛː	vowel	lower_mid	front_unrounded	plain	long
1211	EE	ɛː	vowel	lower_mid	front_unrounded	plain	long
1212	E/	ɛʔ	vowel	lower_mid	front_unrounded	glottalized	plain
1213	E1	ɛ̘	vowel	lower_mid	front_unrounded	ATR	plain
1214	E8	ɛ̥	vowel	lower_mid	front_unrounded	plain	voiceless
1215	E)	ɛ̃	vowel	lower_mid	front_unrounded	nasalized	plain
1216	E):	ɛ̃ː	vowel	lower_mid	front_unrounded	nasalized	long
1217	E)/	ɛ̃ʔ	vowel	lower_mid	front_unrounded	glottalized_nasalized	plain
1218	j	ɔj	vowel	lower_mid_to_glide	back_rounded_to_palatal	plain	plain
1219	i	ɔi	vowel	lower_mid_to_high	back_rounded_to_front_unrounded	plain	plain
1220	¿u	œu	vowel	lower_mid_to_high	front_rounded_to_back	plain	plain
1221	¿i	œi	vowel	lower_mid_to_high	front_rounded_to_unrounded	plain	plain
1222	i9	ɔi̯	vowel	lower_mid_to_high_glide	back_rounded_to_front_unrounded	plain	plain
1223	Ei9	ɛi̯	vowel	lower_mid_to_high_glide	central_unrounded_to_front	plain	plain
1224	>u	u̞	vowel	lowered_high	back_rounded	plain	plain
1225	u1	u̞	vowel	lowered_high	back_rounded	plain	plain
1226	u4	u̞	vowel	lowered_high	back_rounded	plain	plain
1227	>i	i̞	vowel	lowered_high	front_unrounded	plain	plain
1228	i1	i̞	vowel	lowered_high	front_unrounded	plain	plain
1229	i4	i̞	vowel	lowered_high	front_unrounded	plain	plain
1230	i¢	i̞	vowel	lowered_high	front_unrounded	plain	plain
1231	>Q	æ̞	vowel	lowered_higher_low	front_unrounded	plain	plain
1232	>o	o̞	vowel	lowered_higher_mid	back_rounded	plain	plain
1233	o1	o̞	vowel	lowered_higher_mid	back_rounded	plain	plain
1234	o4	o̞	vowel	lowered_higher_mid	back_rounded	plain	plain
1235	e1	e̞	vowel	lowered_higher_mid	front_unrounded	plain	plain
1236	e4	e̞	vowel	lowered_higher_mid	front_unrounded	plain	plain
1237	>a	a̞	vowel	lowered_low	central_unrounded	plain	plain
1238	a4	a̞	vowel	lowered_low	central_unrounded	plain	plain
1239	>E	ɛ̞	vowel	lowered_lower_mid	front_unrounded	plain	plain
1240	«:	əː	vowel	mid	advanced_central_unrounded	plain	long
1241	«+	ə̟	vowel	mid	advanced_central_unrounded	plain	plain
1242	«	ə	vowel	mid	central_unrounded	plain	plain
1243	««	əː	vowel	mid	central_unrounded	plain	long
1244	«³	əˤ	vowel	mid	central_unrounded	pharyngealized	plain
1245	«Õ	ə˞	vowel	mid	central_unrounded	retroflex	plain
1246	«(	ə̆	vowel	mid	central_unrounded	plain	extra_short
1247	«)	ə̃	vowel	mid	central_unrounded	nasalized	plain
1248	«):	ə̃ː	vowel	mid	central_unrounded	nasalized	long
1249	«9i	ə̯i	vowel	mid_glide_to_high	central_unrounded_to_front	plain	plain
1250	«u	əu	vowel	mid_to_high	central_unrounded_to_back_rounded	plain	plain
1251	«i	əi	vowel	mid_to_high	central_unrounded_to_front	plain	plain
1252	«o	əo	vowel	mid_to_higher_mid	back_rounded_to_central_unrounded	plain	plain
1253	«e	əe	vowel	mid_to_higher_mid	central_unrounded_to_front	plain	plain
1254	u3	u̝	vowel	raised_high	back_rounded	plain	plain
1255	u3:	u̝ː	vowel	raised_high	back_rounded	plain	long
1256	i3	i̝	vowel	raised_high	front_unrounded	plain	plain
1257	i3:	i̝ː	vowel	raised_high	front_unrounded	plain	long
1258	o3	o̝	vowel	raised_higher_mid	back_rounded	plain	plain
1259	o3:	o̝ː	vowel	raised_higher_mid	back_rounded	plain	long
1260	o3)	õ̝	vowel	raised_higher_mid	back_rounded	nasalized	plain
1261	e3	e̝	vowel	raised_higher_mid	front_unrounded	plain	plain
1262	e3:	e̝ː	vowel	raised_higher_mid	front_unrounded	plain	long
1263	e3)	ẽ̝	vowel	raised_higher_mid	front_unrounded	nasalized	plain
1264	a^	a̝	vowel	raised_low	central_unrounded	plain	plain
1265	a3	a̝	vowel	raised_low	central_unrounded	plain	plain
1266	a3:	a̪ː	vowel	raised_low	central_unrounded	plain	long
1267	aa^	a̝ː	vowel	raised_low	central_unrounded	plain	long
1268	3	ɔ̝	vowel	raised_lower_mid	back_rounded	plain	plain
1269	3:	ɔ̝ː	vowel	raised_lower_mid	back_rounded	plain	long
1270	Ã£	ʌ̝	vowel	raised_lower_mid	back_unrounded	plain	plain
1271	«3	ə̝	vowel	raised_mid	central_unrounded	plain	plain
1272	NEW	ʢ	consonant	stop	epiglottal	voiceless	plain
1273	NEW	ɱ	consonant	nasal	labiodental	voiced	plain
1274	NEW		consonant	flap	labiodental	voiced	plain
1275	NEW	ʙ	consonant	trill	bilabial	voiced	plain
1276	NEW	ʜ	consonant	fricative	epiglottal	voiceless	plain
1277	NEW	ʡ	consonant	fricative	epiglottal	voiced	plain
1278	NEW	ʟ	consonant	lateral_approximant	velar	voiced	plain
1279	NEW	ɘ	vowel	higher_mid	central_unrounded	plain	plain
1280	NEW	ʚ	vowel	lower_mid	central_rounded	plain	plain
1281	NEW	ɶ	vowel	low	front_rounded	plain	plain
