CLTS_NAME	BIPA_GRAPHEME	CV_CLASS	PROSODY_CLASS	SCA_CLASS	DOLGOPOLSKY_CLASS	ASJP_CLASS	COLOR_CLASS
contour from-mid via-high to-mid-high tone	³⁵⁴	T	8	6	1	6	#c86496
contour from-mid-high via-high to-low tone	⁴⁵¹	T	8	6	1	6	#c86496
aspirated voiceless post-alveolar sibilant affricate consonant	tʃʰ	C	1	T	T	t	#9664c8
rounded close with-frication central vowel	ʯ	0	0	0	0	0	0
voiceless glottal stop consonant	ʔ	C	1	H	H	7	#96c864
voiceless alveolar lateral affricate consonant	tɬ	C	1	T	T	t	#9664c8
falling from-high via-mid-high to-mid-high tone	⁵⁴⁴	T	8	6	1	6	#c86496
aspirated voiceless alveolar stop consonant	tʰ	C	1	T	T	t	#9664c8
pharyngealized long voiced alveolar trill consonant	rːˤ	C	5	R	R	r	#6464c8
ultra-long rounded close-mid front vowel	øːː	V	7	U	V	e	#c86464
contour from-mid via-mid-high to-mid-low tone	³⁴²	T	8	6	1	6	#c86496
ultra-short rounded close-mid back vowel	ŏ	V	7	U	V	o	#c86464
rising from-mid-low via-mid-low to-high tone	²²⁵	T	8	6	1	6	#c86496
long nasalized unrounded nearly-open front vowel	æ̃ː	V	7	E	V	E	#c86464
labialized aspirated voiceless uvular stop consonant	qʷʰ	C	1	K	K	q	#c89664
nasalized devoiced voiced palatal click consonant	ŋ̊ǂ	C	4	N	N	N	#64c8c8
devoiced voiced dental implosive consonant	ɗ̥	C	1	T	T	d	#9664c8
creaky unrounded close-mid front vowel	ḛ	V	7	E	V	e	#c86464
voiced uvular implosive consonant	ʛ	0	0	0	0	0	0
voiceless alveolo-palatal sibilant fricative consonant	ɕ	C	3	S	S	S	#6496c8
falling from-mid via-mid to-mid-low tone	³³²	T	8	6	1	6	#c86496
non-syllabic rounded near-close near-back vowel	ʊ̯	V	7	Y	V	u	#c86464
rising from-low to-mid tone	¹³	T	8	2	1	2	#c86496
non-syllabic unrounded nearly-open central vowel	ɐ̯	C	5	R	R	r	#6464c8
contour from-mid via-mid-low to-mid-high tone	³²⁴	T	8	6	1	6	#c86496
nasalized rounded open-mid front vowel	œ̃	V	7	U	V	E	#c86464
pre-glottalized nasalized voiced alveolar click consonant	ˀŋǃ	C	4	N	N	N	#64c8c8
contour from-mid-low via-high to-mid-high tone	²⁵⁴	T	8	6	1	6	#c86496
voiceless uvular fricative consonant	χ	C	3	G	K	G	#c89664
long nasalized unrounded mid central vowel	ə̃ː	V	7	E	V	I	#c86464
palatalized voiced alveolar nasal consonant	nʲ	C	4	N	N	n	#64c8c8
non-syllabic unrounded close-mid back vowel	ɤ̯	V	7	E	V	o	#c86464
long nasalized rounded near-close near-front vowel	ʏ̃ː	V	7	Y	V	i	#c86464
nasalized rounded near-close central vowel	ʊ̈̃	V	7	Y	V	u	#c86464
voiced retroflex nasal consonant	ɳ	C	4	N	N	n	#64c8c8
contour from-mid-low via-low to-mid-high tone	²¹⁴	T	8	6	1	6	#c86496
contour from-mid-high via-low to-high tone	⁴¹⁵	T	8	6	1	6	#c86496
mid-long unrounded close front vowel	iˑ	V	7	I	V	i	#c86464
pre-nasalized voiceless alveolar stop consonant	ⁿt	C	1	T	T	t	#9664c8
voiced post-alveolar sibilant fricative consonant	ʒ	C	3	S	S	Z	#6496c8
long nasalized rounded close back vowel	ũː	V	7	Y	V	u	#c86464
voiced dental lateral affricate consonant	d̪ɮ	C	1	T	T	d	#9664c8
voiceless velar ejective stop consonant	kʼ	C	1	K	K	k	#c89664
long nasalized rounded close-mid back vowel	õː	V	7	U	V	o	#c86464
long voiced labio-dental fricative consonant	vː	C	3	B	W	v	#c864c8
unrounded close with-frication central vowel	ʅ	V	7	I	V	i	#c86464
voiced labio-dental affricate consonant	bv	C	2	B	P	b	#c8c864
falling from-high via-high to-mid tone	⁵⁵³	T	8	6	1	6	#c86496
devoiced voiced palatal lateral approximant consonant	ʎ̥	C	5	L	R	l	#6464c8
long nasalized unrounded near-close near-front vowel	ɪ̃ː	V	7	I	V	i	#c86464
ultra-short unrounded open front vowel	ă	V	7	A	V	a	#c86464
voiceless labio-dental ejective affricate consonant	pfʼ	C	1	P	P	p	#c8c864
with-nasal-release voiced bilabial stop consonant	bⁿ	C	1	P	P	b	#c8c864
flat from-low to-low tone	¹¹	T	8	1	1	1	#c86496
voiceless uvular ejective stop consonant	qʼ	C	1	K	K	q	#c89664
voiceless velar lateral affricate consonant	k	C	1	K	K	k	#c89664
pharyngealized voiceless dental stop consonant	t̪ˤ	C	1	T	T	t	#9664c8
nasalized voiced palatal click consonant	ŋǂ	C	4	N	N	N	#64c8c8
long unrounded mid front vowel	e̞ː	V	7	E	V	e	#c86464
voiceless post-alveolar ejective sibilant fricative consonant	ʃʼ	C	3	S	S	S	#6496c8
unrounded open-mid front vowel	ɛ	V	7	E	V	E	#c86464
falling from-high via-high to-low tone	⁵⁵¹	T	8	6	1	6	#c86496
long unrounded open-mid front vowel	ɛː	V	7	E	V	E	#c86464
rounded open back vowel	ɒ	V	7	O	V	o	#c86464
rounded near-close near-front vowel	ʏ	V	7	Y	V	i	#c86464
aspirated voiceless bilabial stop consonant	pʰ	C	1	P	P	p	#c8c864
nasalized rounded open front vowel	ɶ̃	V	7	U	V	E	#c86464
labialized long voiced bilabial stop consonant	bːʷ	C	1	P	P	b	#c8c864
voiceless bilabial fricative consonant	ɸ	C	3	B	P	f	#c8c864
long nasalized rounded open-mid central vowel	ɞ̃ː	V	7	U	V	u	#c86464
nasalized unrounded close-mid front vowel	ẽ	V	7	E	V	e	#c86464
voiced palatal approximant consonant	j	C	6	J	J	y	#64c864
long rounded close back vowel	uː	V	7	Y	V	u	#c86464
aspirated voiceless palatal stop consonant	cʰ	C	1	C	K	T	#c89664
nasalized unrounded mid front vowel	ẽ̞	V	7	E	V	e	#c86464
rounded mid front vowel	ø̞	V	7	U	V	e	#c86464
contour from-mid via-mid-low to-high tone	³²⁵	T	8	6	1	6	#c86496
pre-aspirated aspirated voiceless dental stop consonant	ʰt̪ʰ	C	1	T	T	t	#9664c8
long breathy voiced bilabial stop consonant	bːʱ	C	1	P	P	b	#c8c864
non-syllabic unrounded near-close near-front vowel	ɪ̯	V	7	I	V	i	#c86464
falling from-mid to-mid-low tone	³²	T	8	3	1	3	#c86496
falling from-mid-high to-mid-low tone	⁴²	T	8	3	1	3	#c86496
pre-nasalized voiced bilabial stop consonant	ⁿb	C	1	P	P	b	#c8c864
long unrounded open-mid central vowel	ɜː	V	7	E	V	I	#c86464
voiceless uvular affricate consonant	qχ	C	1	K	K	q	#c89664
unreleased devoiced voiced alveolar stop consonant	d̥̚	C	1	T	T	d	#9664c8
with-nasal-release voiceless alveolar stop consonant	tⁿ	C	1	T	T	t	#9664c8
unrounded near-close near-back vowel	ɯ̽	V	7	I	V	u	#c86464
syllabic voiced post-alveolar sibilant fricative consonant	ʒ̍	C	3	S	S	Z	#6496c8
ultra-long rounded close front vowel	yːː	V	7	Y	V	i	#c86464
nasalized unrounded nearly-open front vowel	æ̃	V	7	E	V	E	#c86464
flat from-mid to-mid tone	³³	T	8	4	1	4	#c86496
unrounded mid back vowel	ɤ̞	V	7	E	V	o	#c86464
mid-long unrounded close-mid front vowel	eˑ	V	7	E	V	e	#c86464
short mid-high tone	⁴	T	8	6	1	6	#c86496
palatalized aspirated voiceless dental stop consonant	t̪ʰʲ	C	1	T	T	t	#9664c8
labialized voiced velar nasal consonant	ŋʷ	C	4	N	N	N	#64c8c8
unreleased voiceless bilabial stop consonant	p̚	C	1	P	P	p	#c8c864
pre-nasalized voiced alveolar stop consonant	ⁿd	C	1	T	T	d	#9664c8
nasalized voiced labialized-velar approximant consonant	w̃	C	6	W	W	w	#c864c8
labialized voiceless alveolar stop consonant	tʷ	C	1	T	T	t	#9664c8
mid-long rounded close back vowel	uˑ	V	7	Y	V	u	#c86464
long nasalized unrounded near-close central vowel	ɪ̈̃ː	V	7	I	V	i	#c86464
unrounded near-close near-front vowel	ɪ	V	7	I	V	i	#c86464
voiced labialized-palatal approximant consonant	ɥ	C	6	J	J	y	#64c864
voiced alveolar click consonant	gǃ	C	1	!	K	!	#c89664
devoiced unrounded open front vowel	ḁ	V	7	A	V	a	#c86464
unrounded close front vowel	i	V	7	I	V	i	#c86464
contour from-low via-mid-high to-low tone	¹⁴¹	T	8	6	1	6	#c86496
nasalized voiced lateral click consonant	ŋǁ	C	4	N	N	N	#64c8c8
falling from-high to-mid tone	⁵³	T	8	3	1	3	#c86496
voiceless alveolar sibilant affricate consonant	ts	C	2	C	K	C	#c89664
contour from-mid-low via-mid to-mid-low tone	²³²	T	8	6	1	6	#c86496
pre-aspirated aspirated voiceless alveolar stop consonant	ʰtʰ	C	1	T	T	t	#9664c8
nasalized rounded mid central vowel	ɵ̞̃	V	7	U	V	I	#c86464
syllabic voiced labio-dental fricative consonant	v̩	C	3	B	W	v	#c864c8
voiceless post-alveolar sibilant fricative consonant	ʃ	C	3	S	S	S	#6496c8
nasalized rounded close front vowel	ỹ	V	7	Y	V	i	#c86464
long voiced alveolar trill consonant	rː	C	5	R	R	r	#6464c8
mid-long rounded close front vowel	yˑ	V	7	Y	V	i	#c86464
devoiced voiced dental sibilant fricative consonant	z̪̥	C	3	S	S	z	#6496c8
palatalized aspirated voiceless alveolar stop consonant	tʰʲ	C	1	T	T	t	#9664c8
breathy rounded close back vowel	ṳ	V	7	Y	V	u	#c86464
rising from-mid-low via-mid-low to-mid tone	²²³	T	8	6	1	6	#c86496
voiceless post-alveolar stop consonant	t̠	C	1	T	T	t	#9664c8
voiced uvular stop consonant	ɢ	C	1	K	K	q	#c89664
devoiced voiced bilabial nasal consonant	m̥	C	4	M	M	m	#64c896
revoiced voiceless dental fricative consonant	θ̬	C	3	D	T	8	#9664c8
rising from-mid via-mid-high to-mid-high tone	³⁴⁴	T	8	6	1	6	#c86496
voiced velar stop consonant	g	C	1	K	K	g	#c89664
voiced labio-dental fricative consonant	v	C	3	B	W	v	#c864c8
labialized aspirated voiceless dental stop consonant	t̪ʷʰ	C	1	T	T	t	#9664c8
rounded open-mid central vowel	ɞ	V	7	U	V	u	#c86464
palatalized voiced alveolar stop consonant	dʲ	C	1	T	T	d	#9664c8
rising from-mid-low to-high tone	²⁵	T	8	2	1	2	#c86496
unreleased voiceless dental stop consonant	t̪̚	C	1	T	T	t	#9664c8
falling from-mid-high via-mid-high to-low tone	⁴⁴¹	T	8	6	1	6	#c86496
with-nasal-release voiceless dental stop consonant	t̪ⁿ	C	1	T	T	t	#9664c8
voiced alveolo-palatal sibilant fricative consonant	ʑ	C	3	S	S	Z	#6496c8
rounded close-mid back vowel	o	V	7	U	V	o	#c86464
voiceless velar fricative consonant	x	C	3	G	K	x	#c89664
long rounded close-mid front vowel	øː	V	7	U	V	e	#c86464
devoiced voiced alveolar lateral approximant consonant	l̥	C	5	L	R	l	#6464c8
contour from-mid-high via-high to-mid-low tone	⁴⁵²	T	8	6	1	6	#c86496
voiced palatal nasal consonant	ɲ	C	4	N	N	H	#64c8c8
voiced bilabial trill consonant	ʙ	C	3	B	W	b	#c864c8
contour from-high via-mid to-high tone	⁵³⁵	T	8	6	1	6	#c86496
rising from-low via-low to-mid-high tone	¹¹⁴	T	8	6	1	6	#c86496
voiced epiglottal fricative consonant	ʢ	0	0	0	0	0	0
breathy voiced retroflex tap consonant	ɽʱ	C	5	R	R	r	#6464c8
palatalized voiceless labio-dental fricative consonant	fʲ	C	3	B	P	f	#c8c864
labialized long voiceless velar stop consonant	kʷː	C	1	K	K	k	#c89664
contour from-mid-low via-mid-high to-low tone	²⁴¹	T	8	6	1	6	#c86496
voiceless palatal-velar fricative consonant	ɧ	C	3	S	S	S	#6496c8
voiced velar implosive consonant	ɠ	0	0	0	0	0	0
voiced palatal stop consonant	ɟ	C	1	C	K	C	#c89664
devoiced voiced dental trill consonant	r̪̥	C	5	R	R	r	#6464c8
ultra-long rounded close back vowel	uːː	V	7	Y	V	u	#c86464
breathy voiced retroflex stop consonant	ɖʱ	C	1	T	T	d	#9664c8
voiced alveolar lateral approximant consonant	l	C	5	L	R	l	#6464c8
falling from-mid-high via-mid-low to-mid-low tone	⁴²²	T	8	6	1	6	#c86496
postoralized nasalized voiced alveolar click consonant	ŋgǃ	C	4	N	N	N	#64c8c8
postoralized nasalized voiced lateral click consonant	ŋgǁ	C	4	N	N	N	#64c8c8
pre-nasalized voiceless bilabial stop consonant	ⁿp	C	1	P	P	p	#c8c864
pre-glottalized nasalized voiced lateral click consonant	ˀŋǁ	C	4	N	N	N	#64c8c8
long voiceless labio-dental fricative consonant	fː	C	3	B	P	f	#c8c864
breathy voiced dental stop consonant	d̪ʱ	C	1	T	T	d	#9664c8
unreleased voiceless alveolar stop consonant	t̚	C	1	T	T	t	#9664c8
nasalized rounded close-mid central vowel	ɵ̃	V	7	U	V	I	#c86464
flat from-mid-low to-mid-low tone	²²	T	8	1	1	1	#c86496
velarized voiceless labio-dental fricative consonant	fˠ	C	3	B	P	f	#c8c864
nasalized unrounded mid back vowel	ɤ̞̃	V	7	E	V	o	#c86464
voiced dental approximant consonant	ð̞	C	3	D	T	8	#9664c8
voiced labio-dental approximant consonant	ʋ	C	6	W	W	w	#c864c8
devoiced voiced dental lateral approximant consonant	l̪̥	C	5	L	R	l	#6464c8
voiced alveolar lateral tap consonant	ɺ	C	5	R	R	r	#6464c8
pre-aspirated voiceless velar stop consonant	ʰk	C	1	K	K	k	#c89664
long voiceless palatal stop consonant	cː	C	1	C	K	T	#c89664
long nasalized unrounded close front vowel	ĩː	V	7	I	V	i	#c86464
falling from-high via-low to-low tone	⁵¹¹	T	8	6	1	6	#c86496
voiced dental nasal consonant	n̪	C	4	N	N	n	#64c8c8
long unrounded nearly-open front vowel	æː	V	7	E	V	E	#c86464
nasalized unrounded open-mid front vowel	ɛ̃	V	7	E	V	E	#c86464
rising from-mid via-mid to-high tone	³³⁵	T	8	6	1	6	#c86496
breathy unrounded close front vowel	i̤	V	7	I	V	i	#c86464
pharyngealized voiced dental stop consonant	d̪ˤ	C	1	T	T	d	#9664c8
voiceless palatal affricate consonant	cç	C	1	C	K	T	#c89664
ultra-long unrounded open-mid front vowel	ɛːː	V	7	E	V	E	#c86464
voiceless palatal ejective stop consonant	cʼ	C	1	C	K	T	#c89664
pre-nasalized voiceless velar stop consonant	ⁿk	C	1	K	K	k	#c89664
labialized voiceless dental stop consonant	t̪ʷ	C	1	T	T	t	#9664c8
aspirated devoiced voiced velar stop consonant	g̊ʰ	C	1	K	K	g	#c89664
rising from-low to-mid-high tone	¹⁴	T	8	2	1	2	#c86496
nasalized voiced alveolar click consonant	ŋǃ	C	4	N	N	N	#64c8c8
rounded mid back vowel	o̞	V	7	U	V	o	#c86464
creaky rounded open-mid back vowel	ɔ̰	V	7	U	V	o	#c86464
long nasalized unrounded mid back vowel	ɤ̞̃ː	V	7	E	V	o	#c86464
contour from-mid-low via-high to-mid tone	²⁵³	T	8	6	1	6	#c86496
pharyngealized voiceless alveolar stop consonant	tˤ	C	1	T	T	t	#9664c8
devoiced unrounded close back vowel	ɯ̥	V	7	I	V	u	#c86464
long voiced dental sibilant affricate consonant	d̪ːz̪	C	1	T	T	d	#9664c8
pharyngealized long voiced bilabial stop consonant	bːˤ	C	1	P	P	b	#c8c864
velarized voiceless dental sibilant fricative consonant	s̪ˠ	C	3	S	S	s	#6496c8
long rounded mid central vowel	ɵ̞ː	V	7	U	V	I	#c86464
short mid tone	³	T	8	6	1	6	#c86496
aspirated voiceless dental affricate consonant	t̪s̪ʰ	C	1	T	T	t	#9664c8
contour from-low via-high to-mid-low tone	¹⁵²	T	8	6	1	6	#c86496
aspirated voiceless velar stop consonant	kʰ	C	1	K	K	k	#c89664
syllabic voiced bilabial nasal consonant	m̩	C	4	M	M	m	#64c896
long unrounded nearly-open central vowel	ɐː	V	7	E	V	a	#c86464
unrounded open back vowel	ɑ	V	7	A	V	o	#c86464
breathy voiced bilabial nasal consonant	mʱ	C	4	M	M	m	#64c896
voiced post-alveolar sibilant affricate consonant	dʒ	C	1	T	T	d	#9664c8
voiced retroflex sibilant affricate consonant	ɖʐ	C	2	C	K	j	#c89664
voiced pharyngeal fricative consonant	ʕ	C	1	H	H	G	#96c864
with-nasal-release devoiced voiced alveolar stop consonant	d̥ⁿ	C	1	T	T	d	#9664c8
unreleased voiced dental fricative consonant	ð̚	C	3	D	T	8	#9664c8
pre-nasalized voiceless post-alveolar sibilant affricate consonant	ⁿtʃ	C	1	T	T	t	#9664c8
contour from-mid via-low to-mid tone	³¹³	T	8	6	1	6	#c86496
voiced bilabial affricate consonant	bβ	C	1	P	P	b	#c8c864
voiceless bilabial ejective stop consonant	pʼ	C	1	P	P	p	#c8c864
syllabic voiced bilabial trill consonant	ʙ̩	C	3	B	W	b	#c864c8
rhotacized unrounded open front vowel	a˞	V	7	A	V	a	#c86464
rounded close back vowel	u	V	7	Y	V	u	#c86464
labialized voiceless glottal stop consonant	ʔʷ	C	1	H	H	7	#96c864
contour from-low via-high to-mid tone	¹⁵³	T	8	6	1	6	#c86496
nasalized unrounded close-mid back vowel	ɤ̃	V	7	E	V	o	#c86464
voiceless palatal sibilant fricative consonant	ç	C	1	C	K	T	#c89664
contour from-mid-high via-low to-mid-low tone	⁴¹²	T	8	6	1	6	#c86496
voiceless uvular stop consonant	q	C	1	K	K	q	#c89664
contour from-mid via-mid-low to-mid tone	³²³	T	8	6	1	6	#c86496
voiced velar lateral approximant consonant	ʟ	C	5	L	R	L	#6464c8
voiced bilabial implosive consonant	ɓ	C	1	P	P	b	#c8c864
voiced uvular approximant consonant	ʁ̞	C	5	R	R	G	#6464c8
rounded close-mid front vowel	ø	V	7	U	V	e	#c86464
long breathy voiced dental stop consonant	d̪ːʱ	C	1	T	T	d	#9664c8
nasalized voiced palatal approximant consonant	j̃	C	6	J	J	y	#64c864
nasalized rounded open-mid central vowel	ɞ̃	V	7	U	V	u	#c86464
labialized voiceless velar stop consonant	kʷ	C	1	K	K	k	#c89664
voiceless pharyngeal fricative consonant	ħ	C	3	H	H	G	#96c864
voiceless bilabial affricate consonant	pɸ	C	1	P	P	p	#c8c864
mid-long unrounded mid front vowel	e̞ˑ	V	7	E	V	e	#c86464
long non-syllabic unrounded open-mid back vowel	ʌ̯ː	V	7	E	V	o	#c86464
contour from-low via-mid to-mid-low tone	¹³²	T	8	6	1	6	#c86496
pre-nasalized voiceless dental stop consonant	ⁿt̪	C	1	T	T	t	#9664c8
aspirated voiced bilabial stop consonant	bʰ	C	1	P	P	b	#c8c864
voiceless labio-dental fricative consonant	f	C	3	B	P	f	#c8c864
creaky unrounded open-mid front vowel	ɛ̰	V	7	E	V	E	#c86464
voiced alveolar approximant consonant	ɹ	C	5	R	R	r	#6464c8
flat from-mid-high to-mid-high tone	⁴⁴	T	8	5	1	5	#c86496
long voiceless post-alveolar ejective sibilant affricate consonant	tːʃʼ	C	1	T	T	t	#9664c8
long rounded near-close near-front vowel	ʏː	V	7	Y	V	i	#c86464
pharyngealized long voiced bilabial nasal consonant	mːˤ	C	4	M	M	m	#64c896
contour from-high via-low to-high tone	⁵¹⁵	T	8	6	1	6	#c86496
with-nasal-release devoiced voiced dental stop consonant	d̪̥ⁿ	C	1	T	T	d	#9664c8
voiceless dental stop consonant	t̪	C	1	T	T	t	#9664c8
mid-long unrounded nearly-open front vowel	æˑ	V	7	E	V	E	#c86464
long unrounded open front vowel	aː	V	7	A	V	a	#c86464
voiced uvular fricative consonant	ʁ	C	5	R	R	G	#6464c8
mid-long rounded close-mid front vowel	øˑ	V	7	U	V	e	#c86464
long rounded close central vowel	ʉː	V	7	Y	V	I	#c86464
pre-aspirated voiceless alveolar stop consonant	ʰt	C	1	T	T	t	#9664c8
devoiced voiced uvular fricative consonant	ʁ̥	C	5	R	R	G	#6464c8
long unrounded near-close near-back vowel	ɯ̽ː	V	7	I	V	u	#c86464
syllabic voiced dental lateral approximant consonant	l̪̩	C	5	L	R	l	#6464c8
long nasalized rounded mid back vowel	õ̞ː	V	7	U	V	o	#c86464
falling from-mid-high to-low tone	⁴¹	T	8	3	1	3	#c86496
nasalized unrounded mid central vowel	ə̃	V	7	E	V	I	#c86464
unrounded open-mid central vowel	ɜ	V	7	E	V	I	#c86464
long unrounded close-mid central vowel	ɘː	V	7	E	V	I	#c86464
palatalized voiced post-alveolar sibilant affricate consonant	dʒʲ	C	1	T	T	d	#9664c8
flat from-high to-high tone	⁵⁵	T	8	5	1	5	#c86496
long nasalized rounded near-close near-back vowel	ʊ̃ː	V	7	Y	V	u	#c86464
voiceless velar ejective affricate consonant	kʼ	C	1	K	K	k	#c89664
ultra-long unrounded close-mid front vowel	eːː	V	7	E	V	e	#c86464
long voiced dental trill consonant	r̪ː	C	5	R	R	r	#6464c8
ultra-long unrounded close front vowel	iːː	V	7	I	V	i	#c86464
pre-glottalized nasalized voiced dental click consonant	ˀŋǀ	C	4	N	N	N	#64c8c8
voiceless retroflex stop consonant	ʈ	C	1	T	T	t	#9664c8
long voiced alveolo-palatal sibilant affricate consonant	dːʑ	C	1	T	T	d	#9664c8
breathy voiced post-alveolar sibilant affricate consonant	dʒʱ	C	1	T	T	d	#9664c8
long voiceless bilabial stop consonant	pː	C	1	P	P	p	#c8c864
falling from-high to-mid-high tone	⁵⁴	T	8	3	1	3	#c86496
aspirated voiceless alveolar sibilant affricate consonant	tsʰ	C	2	C	K	C	#c89664
nasalized rounded mid back vowel	õ̞	V	7	U	V	o	#c86464
falling from-high to-low tone	⁵¹	T	8	3	1	3	#c86496
long unrounded close-mid front vowel	eː	V	7	E	V	e	#c86464
voiceless retroflex sibilant affricate consonant	ʈʂ	C	2	C	K	C	#c89664
aspirated long voiced alveolar stop consonant	dːʰ	C	1	T	T	d	#9664c8
contour from-mid-high via-high to-mid tone	⁴⁵³	T	8	6	1	6	#c86496
long voiced dental stop consonant	d̪ː	C	1	T	T	d	#9664c8
long voiceless dental sibilant affricate consonant	t̪ːs̪	C	1	T	T	t	#9664c8
voiceless alveolar sibilant fricative consonant	s	C	3	S	S	s	#6496c8
devoiced rounded close back vowel	u̥	V	7	Y	V	u	#c86464
long unrounded close front vowel	iː	V	7	I	V	i	#c86464
voiceless uvular implosive consonant	ʛ̥	0	0	0	0	0	0
long voiceless post-alveolar sibilant affricate consonant	tːʃ	C	1	T	T	t	#9664c8
voiced post-alveolar approximant consonant	ɹ̠	C	5	R	R	r	#6464c8
voiced palatal affricate consonant	ɟʝ	C	1	C	K	C	#c89664
rounded near-close central vowel	ʊ̈	V	7	Y	V	u	#c86464
long voiced velar stop consonant	gː	C	1	K	K	g	#c89664
long nasalized unrounded close-mid central vowel	ɘ̃ː	V	7	E	V	I	#c86464
voiced alveolar lateral fricative consonant	ɮ	C	5	L	R	L	#6464c8
long unrounded open-mid back vowel	ʌː	V	7	E	V	o	#c86464
long voiced bilabial nasal consonant	mː	C	4	M	M	m	#64c896
rising from-low via-mid-high to-mid-high tone	¹⁴⁴	T	8	6	1	6	#c86496
rising from-mid-low via-mid to-mid tone	²³³	T	8	6	1	6	#c86496
pre-aspirated voiceless dental stop consonant	ʰt̪	C	1	T	T	t	#9664c8
short low tone	¹	T	8	6	1	6	#c86496
unrounded mid central vowel	ə	V	7	E	V	I	#c86464
long voiced alveolar nasal consonant	nː	C	4	N	N	n	#64c8c8
long rounded mid front vowel	ø̞ː	V	7	U	V	e	#c86464
pre-nasalized voiced dental stop consonant	ⁿd̪	C	1	T	T	d	#9664c8
rhotacized unrounded mid central vowel	ə˞	V	7	E	V	I	#c86464
unrounded close-mid front vowel	e	V	7	E	V	e	#c86464
voiced bilabial stop consonant	b	C	1	P	P	b	#c8c864
voiceless dental ejective lateral affricate consonant	t̪ɬ̪ʼ	C	1	T	T	t	#9664c8
devoiced rounded close-mid back vowel	o̥	V	7	U	V	o	#c86464
palatalized voiceless dental stop consonant	t̪ʲ	C	1	T	T	t	#9664c8
syllabic voiced alveolar nasal consonant	n̩	C	4	N	N	n	#64c8c8
breathy voiced bilabial stop consonant	bʱ	C	1	P	P	b	#c8c864
long voiced palatal approximant consonant	jː	C	6	J	J	y	#64c864
syllabic voiced velar nasal consonant	ŋ̍	C	4	N	N	N	#64c8c8
voiced velar nasal consonant	ŋ	C	4	N	N	N	#64c8c8
pre-glottalized nasalized voiced labial click consonant	ˀŋʘ	C	4	N	N	N	#64c8c8
contour from-high via-mid-high to-high tone	⁵⁴⁵	T	8	6	1	6	#c86496
pharyngealized voiced alveolar nasal consonant	nˤ	C	4	N	N	n	#64c8c8
nasalized rounded mid front vowel	ø̞̃	V	7	U	V	e	#c86464
voiced alveolo-palatal sibilant affricate consonant	dʑ	C	2	C	K	j	#c89664
falling from-high via-high to-mid-high tone	⁵⁵⁴	T	8	6	1	6	#c86496
contour from-mid-low via-low to-mid-low tone	²¹²	T	8	6	1	6	#c86496
unreleased voiced dental stop consonant	d̪̚	C	1	T	T	d	#9664c8
labialized voiced bilabial fricative consonant	βʷ	C	3	B	P	b	#c8c864
palatalized voiceless glottal stop consonant	ʔʲ	C	1	H	H	7	#96c864
unrounded close central vowel	ɨ	V	7	I	V	I	#c86464
labialized voiceless uvular fricative consonant	χʷ	C	3	G	K	G	#c89664
long nasalized rounded close-mid central vowel	ɵ̃ː	V	7	U	V	I	#c86464
contour from-mid-high via-mid-low to-high tone	⁴²⁵	T	8	6	1	6	#c86496
aspirated long voiceless bilabial stop consonant	pːʰ	C	1	P	P	p	#c8c864
syllabic voiced alveolar approximant consonant	ɹ̩	C	5	R	R	r	#6464c8
devoiced voiced velar fricative consonant	ɣ̊	C	3	G	K	x	#c89664
voiceless palatal click consonant	ǂ	C	1	!	K	!	#c89664
labialized voiced bilabial nasal consonant	mʷ	C	4	M	M	m	#64c896
syllabic voiced alveolar trill consonant	r̩	V	5	R	R	r	#6464c8
creaky rounded near-close near-back vowel	ʊ̰	V	7	Y	V	u	#c86464
creaky rounded close central vowel	ʉ̰	V	7	Y	V	I	#c86464
breathy unrounded open-mid back vowel	ʌ̤	V	7	E	V	o	#c86464
voiced alveolar sibilant affricate consonant	dz	C	2	C	K	j	#c89664
nasalized rounded near-open central vowel	ɞ̞̃	V	7	U	V	u	#c86464
aspirated voiceless dental stop consonant	t̪ʰ	C	1	T	T	t	#9664c8
voiced dental sibilant affricate consonant	d̪z̪	C	1	T	T	d	#9664c8
rising from-low to-high tone	¹⁵	T	8	2	1	2	#c86496
palatalized voiced bilabial nasal consonant	mʲ	C	4	M	M	m	#64c896
palatalized voiced velar stop consonant	gʲ	C	1	K	K	g	#c89664
long rounded mid back vowel	o̞ː	V	7	U	V	o	#c86464
contour from-mid-high via-mid-low to-mid tone	⁴²³	T	8	6	1	6	#c86496
long nasalized unrounded open back vowel	ɑ̃ː	V	7	A	V	o	#c86464
rising from-mid via-mid to-mid-high tone	³³⁴	T	8	6	1	6	#c86496
nasalized breathy unrounded open-mid back vowel	ʌ̤̃	V	7	E	V	o	#c86464
labialized voiced bilabial stop consonant	bʷ	C	1	P	P	b	#c8c864
palatalized voiceless post-alveolar sibilant affricate consonant	tʃʲ	C	1	T	T	t	#9664c8
rounded mid central vowel	ɵ̞	V	7	U	V	I	#c86464
nasalized unrounded open-mid back vowel	ʌ̃	V	7	E	V	o	#c86464
rounded close with-frication back vowel	ʮ	V	7	U	V	u	#c86464
long nasalized rounded mid front vowel	ø̞̃ː	V	7	U	V	e	#c86464
devoiced voiced uvular trill consonant	ʀ̥	C	5	R	R	r	#6464c8
devoiced voiced alveolo-palatal nasal consonant	ȵ̊	C	4	N	N	H	#64c8c8
nasalized unrounded close back vowel	ɯ̃	V	7	I	V	u	#c86464
voiced velar approximant consonant	ɰ	C	6	J	J	w	#64c864
aspirated voiceless uvular stop consonant	qʰ	C	1	K	K	q	#c89664
unreleased voiceless uvular stop consonant	q̚	C	1	K	K	q	#c89664
contour from-mid-high via-high to-mid-high tone	⁴⁵⁴	T	8	6	1	6	#c86496
long unrounded near-close central vowel	ɪ̈ː	V	7	I	V	i	#c86464
contour from-mid-low via-high to-mid-low tone	²⁵²	T	8	6	1	6	#c86496
falling from-mid-low to-low tone	²¹	T	8	3	1	3	#c86496
unreleased voiced bilabial stop consonant	b̡	C	1	P	P	b	#c8c864
mid-long unrounded open front vowel	aˑ	V	7	A	V	a	#c86464
syllabic voiced retroflex nasal consonant	ɳ̍	C	4	N	N	n	#64c8c8
falling from-mid-high via-mid-high to-mid-low tone	⁴⁴²	T	8	6	1	6	#c86496
contour from-mid-low via-high to-low tone	²⁵¹	T	8	6	1	6	#c86496
unrounded close back vowel	ɯ	V	7	I	V	u	#c86464
long rounded close-mid central vowel	ɵː	V	7	U	V	I	#c86464
long voiced labialized-velar approximant consonant	wː	C	6	W	W	w	#c864c8
long rounded near-close near-back vowel	ʊː	V	7	Y	V	u	#c86464
devoiced voiced alveolar trill consonant	r̥	C	5	R	R	r	#6464c8
unreleased voiceless velar stop consonant	k̚	C	1	K	K	k	#c89664
long unrounded close central vowel	ɨː	V	7	I	V	I	#c86464
long voiceless alveolar sibilant fricative consonant	sː	C	3	S	S	s	#6496c8
velarized voiced bilabial stop consonant	bˠ	C	1	P	P	b	#c8c864
palatalized voiced alveolar lateral approximant consonant	lʲ	C	5	L	R	l	#6464c8
long nasalized unrounded close central vowel	ɨ̃ː	V	7	I	V	I	#c86464
aspirated long voiceless retroflex stop consonant	ʈːʰ	C	1	T	T	t	#9664c8
contour from-low via-high to-mid-high tone	¹⁵⁴	T	8	6	1	6	#c86496
voiceless alveolo-palatal sibilant affricate consonant	tɕ	C	2	C	K	C	#c89664
devoiced voiced alveolar tap consonant	ɾ	C	5	R	R	r	#6464c8
breathy voiced velar stop consonant	gʱ	C	1	K	K	g	#c89664
long nasalized unrounded close-mid front vowel	ẽː	V	7	E	V	e	#c86464
nasalized devoiced voiced dental click consonant	ŋ̊ǀ	C	4	N	N	N	#64c8c8
voiceless post-alveolar sibilant affricate consonant	tʃ	C	1	T	T	t	#9664c8
voiceless dental sibilant affricate consonant	t̪s̪	C	1	T	T	t	#9664c8
falling from-high via-high to-mid-low tone	⁵⁵²	T	8	6	1	6	#c86496
contour from-mid via-mid-high to-low tone	³⁴¹	T	8	6	1	6	#c86496
long breathy voiced alveolar stop consonant	dːʱ	C	1	T	T	d	#9664c8
nasalized rounded open-mid back vowel	ɔ̃	V	7	U	V	o	#c86464
breathy unrounded close-mid front vowel	e̤	V	7	E	V	e	#c86464
voiceless velar affricate consonant	kx	C	1	K	K	k	#c89664
breathy rounded close-mid back vowel	o̤	V	7	U	V	o	#c86464
nasalized devoiced voiced lateral click consonant	ŋ̊ǁ	C	4	N	N	N	#64c8c8
aspirated voiceless labio-dental fricative consonant	fʰ	C	3	B	P	f	#c8c864
contour from-mid via-low to-mid-low tone	³¹²	T	8	6	1	6	#c86496
rising from-low via-mid to-mid tone	¹³³	T	8	6	1	6	#c86496
voiced dental fricative consonant	ð	C	3	D	T	8	#9664c8
voiceless dental affricate consonant	t̪θ	C	1	T	T	t	#9664c8
voiced dental affricate consonant	dð	C	1	T	T	d	#9664c8
devoiced voiced alveolar stop consonant	d̥	C	1	T	T	d	#9664c8
voiced retroflex tap consonant	ɽ	C	5	R	R	r	#6464c8
long nasalized rounded open-mid front vowel	œ̃ː	V	7	U	V	E	#c86464
voiceless dental lateral fricative consonant	ɬ̪	C	5	L	R	L	#6464c8
long nasalized rounded open-mid back vowel	ɔ̃ː	V	7	U	V	o	#c86464
velarized voiced bilabial nasal consonant	mˠ	C	4	M	M	m	#64c896
non-syllabic rounded open-mid back vowel	ɔ̯	V	7	U	V	o	#c86464
long rounded open-mid front vowel	œː	V	7	U	V	E	#c86464
voiceless dental ejective lateral fricative consonant	ɬ̪ʼ	C	5	L	R	L	#6464c8
unrounded close-mid central vowel	ɘ	V	7	E	V	I	#c86464
voiced labial click consonant	gʘ	C	1	!	K	!	#c89664
voiceless alveolar ejective lateral fricative consonant	ɬʼ	C	5	L	R	L	#6464c8
creaky unrounded open front vowel	a̰	V	7	A	V	a	#c86464
labialized voiceless bilabial stop consonant	pʷ	C	1	P	P	p	#c8c864
voiceless velar ejective fricative consonant	xʼ	C	3	G	K	x	#c89664
unrounded open front vowel	a	V	7	A	V	a	#c86464
contour from-mid-low via-mid-high to-mid tone	²⁴³	T	8	6	1	6	#c86496
aspirated voiced alveolar stop consonant	dʰ	C	1	T	T	d	#9664c8
long voiceless dental stop consonant	t̪ː	C	1	T	T	t	#9664c8
voiced bilabial fricative consonant	β	C	3	B	P	b	#c8c864
palatalized voiced dental stop consonant	d̪ʲ	C	1	T	T	d	#9664c8
ultra-long creaky unrounded open front vowel	a̰ːː	V	7	A	V	a	#c86464
contour from-mid-low via-low to-mid tone	²¹³	T	8	6	1	6	#c86496
nasalized unrounded near-close central vowel	ɪ̈̃	V	7	I	V	i	#c86464
devoiced voiced velar nasal consonant	ŋ̊	C	4	N	N	N	#64c8c8
nasalized unrounded open front vowel	ã	V	7	A	V	a	#c86464
long voiced palatal nasal consonant	ɲː	C	4	N	N	H	#64c8c8
devoiced voiced retroflex nasal consonant	ɳ̊	C	4	N	N	n	#64c8c8
voiced velar fricative consonant	ɣ	C	3	G	K	x	#c89664
voiced labio-dental nasal consonant	ɱ	C	4	M	M	m	#64c896
long nasalized rounded close-mid front vowel	ø̃ː	V	7	U	V	e	#c86464
falling from-high to-mid-low tone	⁵²	T	8	3	1	3	#c86496
labialized voiceless post-alveolar sibilant affricate consonant	tʃʷ	C	1	T	T	t	#9664c8
voiceless dental ejective sibilant affricate consonant	t̪s̪ʼ	C	1	T	T	t	#9664c8
voiceless alveolar lateral fricative consonant	ɬ	C	5	L	R	L	#6464c8
rising from-mid-low via-high to-high tone	²⁵⁵	T	8	6	1	6	#c86496
voiced retroflex lateral approximant consonant	ɭ	C	5	L	R	L	#6464c8
voiced uvular trill consonant	ʀ	C	5	R	R	r	#6464c8
devoiced voiced bilabial stop consonant	b̥	C	1	P	P	b	#c8c864
ultra-long rounded close-mid back vowel	oːː	V	7	U	V	o	#c86464
rounded open-mid back vowel	ɔ	V	7	U	V	o	#c86464
long voiced alveolar stop consonant	dː	C	1	T	T	d	#9664c8
contour from-mid-low via-mid-high to-mid-low tone	²⁴²	T	8	6	1	6	#c86496
falling from-mid-high via-low to-low tone	⁴¹¹	T	8	6	1	6	#c86496
labialized voiceless velar fricative consonant	xʷ	C	3	G	K	x	#c89664
long nasalized rounded close central vowel	ʉ̃ː	V	7	Y	V	I	#c86464
devoiced voiced labio-dental nasal consonant	ɱ̊	C	4	M	M	m	#64c896
voiced bilabial nasal consonant	m	C	4	M	M	m	#64c896
syllabic voiced uvular nasal consonant	ɴ̩	C	4	N	N	N	#64c8c8
nasalized voiceless glottal fricative consonant	h̃	C	3	H	H	h	#96c864
rounded close-mid central vowel	ɵ	V	7	U	V	I	#c86464
nasalized devoiced voiced labial click consonant	ŋ̊ʘ	C	4	N	N	N	#64c8c8
voiceless alveolar affricate consonant	tθ	C	1	T	T	t	#9664c8
unrounded nearly-open central vowel	ɐ	V	7	E	V	a	#c86464
non-syllabic unrounded close back vowel	ɯ̯	V	7	I	V	u	#c86464
pre-aspirated voiceless bilabial stop consonant	ʰp	C	1	P	P	p	#c8c864
devoiced voiced velar stop consonant	g̊	C	1	K	K	g	#c89664
voiced alveolar sibilant fricative consonant	z	C	3	S	S	z	#6496c8
postoralized nasalized voiced dental click consonant	ŋgǀ	C	4	N	N	N	#64c8c8
voiceless retroflex sibilant fricative consonant	ʂ	C	3	S	S	S	#6496c8
voiceless alveolar ejective sibilant fricative consonant	sʼ	C	3	S	S	s	#6496c8
rising from-low via-high to-high tone	¹⁵⁵	T	8	6	1	6	#c86496
contour from-high via-mid-low to-mid tone	⁵²³	T	8	6	1	6	#c86496
syllabic voiced alveolar lateral approximant consonant	l̩	V	5	L	R	l	#6464c8
labialized voiced velar fricative consonant	ɣʷ	C	3	G	K	x	#c89664
contour from-high via-low to-mid tone	⁵¹³	T	8	6	1	6	#c86496
contour from-mid via-high to-low tone	³⁵¹	T	8	6	1	6	#c86496
falling from-mid to-low tone	³¹	T	8	3	1	3	#c86496
aspirated devoiced voiced bilabial stop consonant	b̥ʰ	C	1	P	P	b	#c8c864
nasalized unrounded open-mid central vowel	ɜ̃	V	7	E	V	I	#c86464
long voiceless alveolo-palatal sibilant affricate consonant	tːɕ	C	1	T	T	t	#9664c8
voiced retroflex stop consonant	ɖ	C	1	T	T	d	#9664c8
ultra-short unrounded mid central vowel	ə̆	V	7	E	V	I	#c86464
velarized voiced labialized-velar approximant consonant	wˠ	C	6	W	W	w	#c864c8
rising from-mid-high to-high tone	⁴⁵	T	8	2	1	2	#c86496
voiceless labio-dental ejective fricative consonant	fʼ	C	3	B	P	f	#c8c864
+	+	+	9	_	+	+	#bbbbbb
contour from-low via-mid to-low tone	¹³¹	T	8	6	1	6	#c86496
pharyngealized voiced alveolar stop consonant	dˤ	C	1	T	T	d	#9664c8
voiceless glottal fricative consonant	h	C	3	H	H	h	#96c864
falling from-mid-low via-low to-low tone	²¹¹	T	8	6	1	6	#c86496
unrounded close with-frication back vowel	ɿ	V	7	I	V	i	#c86464
voiceless glottal affricate consonant	ʔh	C	1	H	H	7	#96c864
ultra-short unrounded open-mid back vowel	ʌ̆	V	7	E	V	o	#c86464
long unrounded open back vowel	ɑː	V	7	A	V	o	#c86464
palatalized voiceless dental sibilant affricate consonant	t̪s̪ʲ	C	1	T	T	t	#9664c8
palatalized voiceless alveolar stop consonant	tʲ	C	1	T	T	t	#9664c8
aspirated voiceless retroflex sibilant affricate consonant	ʈʂʰ	C	2	C	K	C	#c89664
contour from-mid-high via-mid to-mid-high tone	⁴³⁴	T	8	6	1	6	#c86496
long nasalized unrounded mid front vowel	ẽ̞ː	V	7	E	V	e	#c86464
non-syllabic rounded close-mid back vowel	o̯	V	7	U	V	o	#c86464
pre-nasalized voiced palatal stop consonant	ⁿɟ	C	1	C	K	C	#c89664
syllabic voiced palatal nasal consonant	ɲ̍	C	4	N	N	H	#64c8c8
voiced alveolar lateral affricate consonant	dɮ	C	1	T	T	d	#9664c8
syllabic voiceless alveolar sibilant fricative consonant	s̩	C	3	S	S	s	#6496c8
voiced uvular affricate consonant	ɢʁ	C	1	K	K	q	#c89664
palatalized voiced dental lateral approximant consonant	l̪ʲ	C	5	L	R	l	#6464c8
long nasalized rounded open front vowel	ɶ̃ː	V	7	U	V	E	#c86464
falling from-mid-high to-mid tone	⁴³	T	8	3	1	3	#c86496
nasalized rounded near-close near-back vowel	ʊ̃	V	7	Y	V	u	#c86464
velarized voiced dental stop consonant	d̪ˠ	C	1	T	T	d	#9664c8
devoiced voiced palatal approximant consonant	j̊	C	6	J	J	y	#64c864
velarized voiceless bilabial stop consonant	pˠ	C	1	P	P	p	#c8c864
with-nasal-release voiced alveolar stop consonant	dⁿ	C	1	T	T	d	#9664c8
voiceless epiglottal fricative consonant	ʜ	0	0	0	0	0	0
voiced bilabial approximant consonant	β̞	C	3	B	P	b	#c8c864
unrounded near-close central vowel	ɪ̈	V	7	I	V	i	#c86464
falling from-mid via-mid-low to-mid-low tone	³²²	T	8	6	1	6	#c86496
contour from-low via-mid-high to-mid tone	¹⁴³	T	8	6	1	6	#c86496
long voiced alveolar sibilant affricate consonant	dːz	C	1	T	T	d	#9664c8
long nasalized unrounded open-mid front vowel	ɛ̃ː	V	7	E	V	E	#c86464
non-syllabic unrounded close-mid front vowel	e̯	V	7	E	V	e	#c86464
rising from-mid via-high to-high tone	³⁵⁵	T	8	6	1	6	#c86496
long rounded near-close central vowel	ʊ̈ː	V	7	Y	V	u	#c86464
voiceless velar stop consonant	k	C	1	K	K	k	#c89664
voiced velar affricate consonant	gɣ	C	1	K	K	g	#c89664
voiceless labio-dental affricate consonant	pf	C	2	B	P	p	#c8c864
velarized voiceless dental stop consonant	t̪ˠ	C	1	T	T	t	#9664c8
aspirated long voiceless dental stop consonant	t̪ːʰ	C	1	T	T	t	#9664c8
voiced palatal implosive consonant	ʄ	C	2	C	K	C	#c89664
postoralized nasalized voiced palatal click consonant	ŋgǂ	C	4	N	N	N	#64c8c8
long rounded near-open central vowel	ɞ̞ː	V	7	U	V	u	#c86464
unrounded nearly-open front vowel	æ	V	7	E	V	E	#c86464
long rounded open-mid back vowel	ɔː	V	7	U	V	o	#c86464
aspirated voiceless retroflex stop consonant	ʈʰ	C	1	T	T	t	#9664c8
devoiced voiced post-alveolar sibilant fricative consonant	ʒ̊	C	3	S	S	Z	#6496c8
contour from-mid via-low to-mid-high tone	³¹⁴	T	8	6	1	6	#c86496
unrounded mid front vowel	e̞	V	7	E	V	e	#c86464
revoiced voiceless alveolar stop consonant	t̬	C	1	T	T	t	#9664c8
nasalized unrounded close central vowel	ɨ̃	V	7	I	V	I	#c86464
contour from-high via-low to-mid-high tone	⁵¹⁴	T	8	6	1	6	#c86496
voiced palatal lateral approximant consonant	ʎ	C	5	L	R	l	#6464c8
→	→	0	0	0	0	0	0
long rounded close front vowel	yː	V	7	Y	V	i	#c86464
long creaky unrounded close front vowel	ḭː	V	7	I	V	i	#c86464
ultra-long creaky unrounded close front vowel	ḭːː	V	7	I	V	i	#c86464
creaky rounded close back vowel	ṵ	V	7	Y	V	u	#c86464
aspirated voiced bilabial nasal consonant	mʰ	C	4	M	M	m	#64c896
nasalized rounded open back vowel	ɒ̃	V	7	O	V	o	#c86464
contour from-mid via-high to-mid tone	³⁵³	T	8	6	1	6	#c86496
long unrounded close-mid back vowel	ɤː	V	7	E	V	o	#c86464
rising from-low via-low to-mid tone	¹¹³	T	8	6	1	6	#c86496
contour from-high via-mid-low to-high tone	⁵²⁵	T	8	6	1	6	#c86496
nasalized unrounded near-close near-front vowel	ɪ̃	V	7	I	V	i	#c86464
labialized long voiced bilabial nasal consonant	mːʷ	C	4	M	M	m	#64c896
palatalized voiced bilabial implosive consonant	ɓʲ	C	1	P	P	b	#c8c864
voiced palatal fricative consonant	ʝ	C	3	S	S	S	#6496c8
with-nasal-release voiced dental stop consonant	d̪ⁿ	C	1	T	T	d	#9664c8
long nasalized unrounded close back vowel	ɯ̃ː	V	7	I	V	u	#c86464
rising from-mid-low via-mid-high to-mid-high tone	²⁴⁴	T	8	6	1	6	#c86496
voiceless alveolar ejective sibilant affricate consonant	tsʼ	C	1	T	T	t	#9664c8
labialized voiced velar stop consonant	gʷ	C	1	K	K	g	#c89664
rising from-mid to-mid-high tone	³⁴	T	8	2	1	2	#c86496
pre-glottalized nasalized voiced palatal click consonant	ˀŋǂ	C	4	N	N	N	#64c8c8
long nasalized rounded near-open central vowel	ɞ̞̃ː	V	7	U	V	u	#c86464
mid-long rounded close-mid back vowel	oˑ	V	7	U	V	o	#c86464
voiceless dental click consonant	ǀ	C	1	!	K	!	#c89664
short mid-low tone	²	T	8	6	1	6	#c86496
revoiced voiceless alveolar sibilant fricative consonant	s̬	C	3	S	S	s	#6496c8
long nasalized rounded close front vowel	ỹː	V	7	Y	V	i	#c86464
pharyngealized voiced dental trill consonant	r̪ˤ	C	5	R	R	r	#6464c8
postoralized nasalized voiced labial click consonant	ŋgʘ	C	4	N	N	N	#64c8c8
breathy voiced alveolar lateral approximant consonant	lʱ	C	5	L	R	l	#6464c8
long unrounded mid back vowel	ɤ̞ː	V	7	E	V	o	#c86464
palatalized voiced bilabial stop consonant	bʲ	C	1	P	P	b	#c8c864
devoiced voiced alveolar nasal consonant	n̥	C	4	N	N	n	#64c8c8
voiced retroflex sibilant fricative consonant	ʐ	C	3	S	S	Z	#6496c8
long voiceless alveolar stop consonant	tː	C	1	T	T	t	#9664c8
aspirated voiced uvular stop consonant	ɢʰ	C	1	K	K	q	#c89664
syllabic voiced alveolar sibilant fricative consonant	z̩	C	3	S	S	z	#6496c8
palatalized voiceless velar stop consonant	kʲ	C	1	K	K	k	#c89664
long voiced post-alveolar sibilant affricate consonant	dːʒ	C	1	T	T	d	#9664c8
aspirated voiced velar stop consonant	gʰ	C	1	K	K	g	#c89664
nasalized unrounded close front vowel	ĩ	V	7	I	V	i	#c86464
palatalized voiceless bilabial stop consonant	pʲ	C	1	P	P	p	#c8c864
creaky voiced alveolar stop consonant	d̰	C	1	T	T	d	#9664c8
unreleased devoiced voiced dental stop consonant	d̪̥̚	C	1	T	T	d	#9664c8
¯	¯	0	0	0	0	0	0
rounded close central vowel	ʉ	V	7	Y	V	I	#c86464
creaky unrounded near-close near-front vowel	ɪ̰	V	7	I	V	i	#c86464
voiced alveolar nasal consonant	n	C	4	N	N	n	#64c8c8
falling from-mid via-low to-low tone	³¹¹	T	8	6	1	6	#c86496
voiced alveolar trill consonant	r	C	5	R	R	r	#6464c8
contour from-mid-high via-low to-mid-high tone	⁴¹⁴	T	8	6	1	6	#c86496
labialized voiced post-alveolar sibilant affricate consonant	dʒʷ	C	1	T	T	d	#9664c8
devoiced voiced labio-dental fricative consonant	v̥	C	3	B	W	v	#c864c8
voiced dental click consonant	gǀ	C	1	!	K	!	#c89664
falling from-mid-low via-mid-low to-low tone	²²¹	T	8	6	1	6	#c86496
nasalized unrounded nearly-open central vowel	ɐ̃	V	7	E	V	a	#c86464
rising from-low via-low to-high tone	¹¹⁵	T	8	6	1	6	#c86496
velarized voiceless alveolar sibilant fricative consonant	sˠ	C	3	S	S	s	#6496c8
labialized aspirated voiceless velar stop consonant	kʷʰ	C	1	K	K	k	#c89664
breathy voiced alveolar stop consonant	dʱ	C	1	T	T	d	#9664c8
voiceless uvular ejective fricative consonant	χʼ	C	3	G	K	G	#c89664
pre-nasalized voiced velar stop consonant	ⁿg	C	1	K	K	g	#c89664
contour from-high via-mid to-mid-high tone	⁵³⁴	T	8	6	1	6	#c86496
voiced alveolo-palatal lateral approximant consonant	ȴ	C	5	L	R	L	#6464c8
voiced uvular nasal consonant	ɴ	C	4	N	N	N	#64c8c8
long voiced alveolar lateral approximant consonant	lː	C	5	L	R	l	#6464c8
voiceless dental ejective sibilant fricative consonant	s̪ʼ	C	3	S	S	s	#6496c8
nasalized devoiced voiced alveolar click consonant	ŋ̊ǃ	C	4	N	N	N	#64c8c8
falling from-high via-mid-low to-mid-low tone	⁵²²	T	8	6	1	6	#c86496
contour from-mid via-low to-high tone	³¹⁵	T	8	6	1	6	#c86496
rising from-low to-mid-low tone	¹²	T	8	2	1	2	#c86496
∼	∼	C	4	9	N	n	#64c8c8
labialized long voiceless labio-dental fricative consonant	fːʷ	C	3	B	P	f	#c8c864
rising from-mid-high via-high to-high tone	⁴⁵⁵	T	8	6	1	6	#c86496
voiceless alveolar ejective stop consonant	tʼ	C	1	T	T	t	#9664c8
long voiced bilabial stop consonant	bː	C	1	P	P	b	#c8c864
rising from-low via-low to-mid-low tone	¹¹²	T	8	6	1	6	#c86496
voiced alveolar stop consonant	d	C	1	T	T	d	#9664c8
ultra-short unrounded close-mid front vowel	ĕ	V	7	E	V	e	#c86464
unrounded open-mid back vowel	ʌ	V	7	E	V	o	#c86464
voiceless alveolar ejective lateral affricate consonant	tɬʼ	C	1	T	T	t	#9664c8
nasalized rounded close back vowel	ũ	V	7	Y	V	u	#c86464
voiced dental implosive consonant	ɗ	C	1	T	T	d	#9664c8
nasalized unrounded close-mid central vowel	ɘ̃	V	7	E	V	I	#c86464
creaky unrounded close front vowel	ḭ	V	7	I	V	i	#c86464
rounded close front vowel	y	V	7	Y	V	i	#c86464
rising from-mid to-high tone	³⁵	T	8	2	1	2	#c86496
palatalized voiceless dental sibilant fricative consonant	s̪ʲ	C	3	S	S	s	#6496c8
long voiceless alveolar sibilant affricate consonant	tːs	C	1	T	T	t	#9664c8
long nasalized unrounded close-mid back vowel	ɤ̃ː	V	7	E	V	o	#c86464
contour from-high via-mid-low to-mid-high tone	⁵²⁴	T	8	6	1	6	#c86496
contour from-mid-high via-low to-mid tone	⁴¹³	T	8	6	1	6	#c86496
voiceless palatal stop consonant	c	C	1	C	K	T	#c89664
voiceless dental lateral affricate consonant	t̪ɬ̪	C	1	T	T	t	#9664c8
voiceless lateral click consonant	ǁ	C	1	!	K	!	#c89664
short neutral tone	⁰	T	8	6	1	6	#c86496
long unrounded close back vowel	ɯː	V	7	I	V	u	#c86464
long unrounded mid central vowel	əː	V	7	E	V	I	#c86464
contour from-high via-low to-mid-low tone	⁵¹²	T	8	6	1	6	#c86496
voiced alveolo-palatal nasal consonant	ȵ	C	4	N	N	H	#64c8c8
contour from-low via-mid-high to-mid-low tone	¹⁴²	T	8	6	1	6	#c86496
palatalized voiced labio-dental fricative consonant	vʲ	C	3	B	W	v	#c864c8
pharyngealized voiced alveolar trill consonant	rˤ	C	5	R	R	r	#6464c8
rounded open front vowel	ɶ	V	7	U	V	E	#c86464
contour from-mid via-mid-high to-high tone	³⁴⁵	T	8	6	1	6	#c86496
labialized voiceless velar ejective stop consonant	kʼʷ	C	1	K	K	k	#c89664
long voiced retroflex sibilant affricate consonant	ʈːʂ	C	1	T	T	t	#9664c8
rising from-mid-low to-mid-high tone	²⁴	T	8	2	1	2	#c86496
voiceless labial click consonant	ʘ	C	1	!	K	!	#c89664
palatalized aspirated voiceless bilabial stop consonant	pʰʲ	C	1	P	P	p	#c8c864
devoiced voiced velar lateral approximant consonant	ʟ̥	C	5	L	R	L	#6464c8
long nasalized rounded mid central vowel	ɵ̞̃ː	V	7	U	V	I	#c86464
voiced dental stop consonant	d̪	C	1	T	T	d	#9664c8
devoiced unrounded near-close near-front vowel	ɪ̥	V	7	I	V	i	#c86464
long voiceless dental fricative consonant	θː	C	3	D	T	8	#9664c8
voiceless dental sibilant fricative consonant	s̪	C	3	S	S	s	#6496c8
nasalized unrounded open back vowel	ɑ̃	V	7	A	V	o	#c86464
voiced retroflex approximant consonant	ɻ	C	5	R	R	L	#6464c8
nasalized rounded close central vowel	ʉ̃	V	7	Y	V	I	#c86464
rising from-mid-low to-mid tone	²³	T	8	2	1	2	#c86496
pre-nasalized labialized voiceless velar stop consonant	ⁿkʷ	C	1	K	K	k	#c89664
velarized voiced dental nasal consonant	n̪ˠ	C	4	N	N	n	#64c8c8
ultra-long unrounded nearly-open front vowel	æːː	V	7	E	V	E	#c86464
rounded near-open central vowel	ɞ̞	V	7	U	V	u	#c86464
palatalized voiceless alveolar sibilant affricate consonant	tsʲ	C	1	T	T	t	#9664c8
aspirated voiceless alveolar lateral affricate consonant	tɬʰ	C	1	T	T	t	#9664c8
long voiced dental lateral approximant consonant	l̪ː	C	5	L	R	l	#6464c8
voiced dental lateral approximant consonant	l̪	C	5	L	R	l	#6464c8
long rounded open front vowel	ɶː	V	7	U	V	E	#c86464
voiceless post-alveolar ejective sibilant affricate consonant	tʃʼ	C	1	T	T	t	#9664c8
long rounded open-mid central vowel	ɞː	V	7	U	V	u	#c86464
devoiced voiced alveolar sibilant fricative consonant	z̥	C	3	S	S	z	#6496c8
nasalized unrounded near-close near-back vowel	ɯ̽̃	V	7	I	V	u	#c86464
creaky voiced alveolar nasal consonant	n̰	C	4	N	N	n	#64c8c8
long nasalized unrounded open front vowel	ãː	V	7	A	V	a	#c86464
labialized voiceless uvular ejective stop consonant	qʼʷ	C	1	K	K	q	#c89664
falling from-mid via-mid to-low tone	³³¹	T	8	6	1	6	#c86496
pharyngealized rounded close-mid back vowel	oˤ	V	7	U	V	o	#c86464
nasalized voiced labial click consonant	ŋʘ	C	4	N	N	N	#64c8c8
palatalized voiceless alveolar sibilant fricative consonant	sʲ	C	3	S	S	s	#6496c8
contour from-mid via-mid-high to-mid tone	³⁴³	T	8	6	1	6	#c86496
non-syllabic unrounded open front vowel	a̯	V	7	A	V	a	#c86464
voiced post-alveolar stop consonant	d̠	C	1	T	T	d	#9664c8
nasalized rounded near-close near-front vowel	ʏ̃	V	7	Y	V	i	#c86464
non-syllabic unrounded open-mid front vowel	ɛ̯	V	7	E	V	E	#c86464
rising from-mid-low via-mid-low to-mid-high tone	²²⁴	T	8	6	1	6	#c86496
←	←	0	0	0	0	0	0
voiced lateral click consonant	gǁ	C	1	!	K	!	#c89664
creaky voiced dental stop consonant	d̪̰	C	1	T	T	d	#9664c8
nasalized voiced dental click consonant	ŋǀ	C	4	N	N	N	#64c8c8
rounded open-mid front vowel	œ	V	7	U	V	E	#c86464
voiceless epiglottal stop consonant	ʡ	C	1	H	H	G	#96c864
devoiced unrounded close front vowel	i̥	V	7	I	V	i	#c86464
creaky rounded close-mid back vowel	o̰	V	7	U	V	o	#c86464
ultra-short unrounded close-mid back vowel	ɤ̆	V	7	E	V	o	#c86464
short high tone	⁵	T	8	6	1	6	#c86496
rising from-low via-mid-low to-mid-low tone	¹²²	T	8	6	1	6	#c86496
_	_	_	9	_	_	_	#bbbbbb
long voiced velar nasal consonant	ŋː	C	4	N	N	N	#64c8c8
devoiced voiced palatal nasal consonant	ɲ̊	C	4	N	N	H	#64c8c8
voiceless dental fricative consonant	θ	C	3	D	T	8	#9664c8
aspirated.sibilancy:sibilant voiceless alveolo-palatal affricate consonant	tɕʰ	C	2	C	K	C	#c89664
labialized voiceless uvular stop consonant	qʷ	C	1	K	K	q	#c89664
creaky unrounded nearly-open front vowel	æ̰	V	7	E	V	E	#c86464
voiceless dental ejective stop consonant	t̪ʼ	C	1	T	T	t	#9664c8
contour from-mid-low via-low to-high tone	²¹⁵	T	8	6	1	6	#c86496
labialized aspirated voiceless alveolar stop consonant	tʷʰ	C	1	T	T	t	#9664c8
nasalized devoiced unrounded close back vowel	ɯ̥̃	V	7	I	V	u	#c86464
voiced dental sibilant fricative consonant	z̪	C	3	S	S	z	#6496c8
nasalized rounded close-mid back vowel	õ	V	7	U	V	o	#c86464
voiceless labialized-velar fricative consonant	ʍ	C	6	M	M	w	#64c896
devoiced voiced bilabial trill consonant	ʙ̥	C	3	B	W	b	#c864c8
falling from-high via-mid to-mid tone	⁵³³	T	8	6	1	6	#c86496
nasalized rounded close-mid front vowel	ø̃	V	7	U	V	e	#c86464
aspirated voiceless palatal affricate consonant	cçʰ	C	1	C	K	T	#c89664
long rounded open back vowel	ɒː	V	7	O	V	o	#c86464
long nasalized unrounded open-mid central vowel	ɜ̃ː	V	7	E	V	I	#c86464
long nasalized unrounded near-close near-back vowel	ɯ̽̃ː	V	7	I	V	u	#c86464
aspirated long voiced bilabial stop consonant	bːʰ	C	1	P	P	b	#c8c864
contour from-mid-low via-mid to-low tone	²³¹	T	8	6	1	6	#c86496
devoiced voiced uvular nasal consonant	ɴ̥	C	4	N	N	N	#64c8c8
voiceless alveolar stop consonant	t	C	1	T	T	t	#9664c8
voiceless alveolar click consonant	ǃ	C	1	!	K	!	#c89664
pre-nasalized voiced post-alveolar affricate consonant	ⁿdʒ	C	1	T	T	d	#9664c8
long nasalized unrounded open-mid back vowel	ʌ̃ː	V	7	E	V	o	#c86464
contour from-mid-high via-mid-low to-mid-high tone	⁴²⁴	T	8	6	1	6	#c86496
syllabic voiced retroflex lateral approximant consonant	ɭ̩	C	5	L	R	L	#6464c8
voiced glottal fricative consonant	ɦ	C	3	H	H	h	#96c864
contour from-mid via-high to-mid-low tone	³⁵²	T	8	6	1	6	#c86496
long voiceless velar stop consonant	kː	C	1	K	K	k	#c89664
voiced palatal click consonant	gǂ	C	1	!	K	!	#c89664
unrounded close-mid back vowel	ɤ	V	7	E	V	o	#c86464
falling from-mid-high via-mid-high to-mid tone	⁴⁴³	T	8	6	1	6	#c86496
falling from-mid-high via-mid to-mid tone	⁴³³	T	8	6	1	6	#c86496
voiceless bilabial stop consonant	p	C	1	P	P	p	#c8c864
long nasalized rounded near-close central vowel	ʊ̈̃ː	V	7	Y	V	u	#c86464
long nasalized rounded open back vowel	ɒ̃ː	V	7	O	V	o	#c86464
contour from-low via-high to-low tone	¹⁵¹	T	8	6	1	6	#c86496
long nasalized unrounded nearly-open central vowel	ɐ̃ː	V	7	E	V	a	#c86464
creaky unrounded mid central vowel	ə̰	V	7	E	V	I	#c86464
voiced labialized-velar approximant consonant	w	C	6	W	W	w	#c864c8
breathy unrounded close back vowel	ɯ̤	V	7	I	V	u	#c86464
rising from-mid-high via-mid-high to-high tone	⁴⁴⁵	T	8	6	1	6	#c86496
voiced dental trill consonant	r̪	C	5	R	R	r	#6464c8
devoiced voiced retroflex lateral approximant consonant	ɭ̊	C	5	L	R	L	#6464c8
aspirated voiceless dental lateral affricate consonant	t̪ɬ̪ʰ	C	1	T	T	t	#9664c8
devoiced unrounded close-mid front vowel	e̥	V	7	E	V	e	#c86464
long rounded close-mid back vowel	oː	V	7	U	V	o	#c86464
long voiced dental fricative consonant	ðː	C	3	D	T	8	#9664c8
devoiced rounded near-close near-back vowel	ʊ̥	V	7	Y	V	u	#c86464
long unrounded near-close near-front vowel	ɪː	V	7	I	V	i	#c86464
contour from-low via-mid-low to-low tone	¹²¹	T	8	6	1	6	#c86496
contour from-mid-high via-mid to-high tone	⁴³⁵	T	8	6	1	6	#c86496
rounded near-close near-back vowel	ʊ	V	7	Y	V	u	#c86464
